clean_text,sentiment
orang yang menuduh adalah dia yang tidak mampu membangun argumentasi. kasihan anda ini,negative
fix kedepan nya saya pribadi tidak mau milih gerinda serta kroni partainya 😅 cukup paham dgn omon omon,negative
"tidak usah makan gratis, waktu pembuatan komponen cadangan itu jg proyek 😂. macam tidak tau akal bulus pejabat aja",negative
podcast omon2 narasumber tidak jelas hanya berdasarkan nasrasi2 dan asumsi tanpa fakta😂😂😂 sekali2 menghadirkan dong narasumber yang jelas 😂😂😂 ya tidak bakalan bisa lah 😂😂😂 kan modal asumsi doang😂😂😂,negative
proyek pemborosan karena tidak semua kekurangan gizi😢,negative
menjadi mitra pun tidak gampang kok. mereka harus menyiapkan segalanya dengan modal sendiri bukan uang yayasan atau dari negara.,neutral
"mbg program yang dipaksakan dan blum.tentu tepat sasaran anak2 orang kaya juga ikut menikmati,,,bahkan anak tidak merasa bersyukur sebagian demikian",negative
"kritik tempo, bagus lho untuk pak prabowo",positive
betul sekali banyak mubajirnya,negative
perencanaan nya amburadul,negative
semangat terus tempo dalam mengungkap kebrobrokan rezim dan penyimpangan pemerintah.jangan gentar dengan teror pengecut dan pengkhianat bangsa.maju terus jurnalistik tempo💪,positive
yang di untungkan keluarga teman sodara dewan,negative
emang bangke semua ini.... mentalitas proyek...,negative
semua akan jelas pada waktunya,neutral
yang untung mah ya yang ngelola,negative
bocor alus bahas dong dugaan ijazah palsu mulyono😊,negative
"dari awal kemunculannya mbg ini sudah beraroma busuk , polemik pengeritik bahkan penghujat karena begitu melimpah dgn masalah . ladang korupsi dimana2 . hanya karena sudah terlanjur merealisir janji kampanye ditambah presiden dijejali berita2 yang melenakan tanpa menelaah akar masalahnya. pengeritikpun menyampaikan solusi tapi semua diabaikannya. itu karena pencoleng2 yang menggerogoti tak henti menebarkan berita2 yang asal bapak senang , presidennya percaya saja. susahlah...",negative
jadi ingat kalimat kiki saputri yang sarkas: program beliau membuat lndonesia terang (tapi yang terang cuma kawan2 nya) 😂😂,negative
di lombok ada dapur prabowo entah jalan entah belum tapi kayaknya mangkrak karena proyek mbg belum terealisasi,negative
proses 5 tahun sekali jangan jangan adalah proses gantian merampok uang negara dengan berbagai proyeknya dengan kata2 manis atas nama rakyat maknya jadi masyarakat jangan bodo2 banget,negative
"nah gini donk tempo, cantumkan / endorse majalah tempo di sope, spya videonya bisa pop up spt premium",positive
"tempo itu anteknya george soros,coba elu liat perusahaan yang jadi investor nya,",negative
"saya penjual sayur lokal, semenjak dipake mbg permintaan naik, dapur saya tidak pernah sepi pesanan",positive
masih ada proyek sekolah rakyat,neutral
semangat terus untuk tempo 🫶,positive
"analisa dana mbg - rp.335 trilyun dibagi 365 hari = rp.917.9 milyar/hari - rp.917.9 milyar dibagi 45 juta keluarga = rp.20,300/hari - rp.20,300 dikali 30 hari = rp.609,000/bulan diatas bisa kita lihat 45 juta keluarga akan dapat uang tambahan rp.609,000/bulan/keluarga. jika satu keluarga ada 3 orang, maka ada 135 jt orang yang beban hidupnya agak berkurang. termasuk keluarga guru honorer didalamnya.",positive
program mbg bagus tapi pelaksanaannya harusnya tempo bantulah gimana pelaksanaannya yang bermanfaat bukan mencari cari kekurangannya harus seimbanglah jd profesional.akan lebih menarik tuk dibaca...❤,positive
04:23 buk kenapa sih buk? 😭🙏🏻,neutral
keren tempo ambil org tatoan jd jurnalis.kek di as juga nih,positive
​karena lu pengagum wowo dan mulyono !,negative
buat balik modal,neutral
"tempo top, trus berkarya untuk anak bangsa, tempo bukan penakut",positive
engk ada guna mbg,negative
❤❤ajak rakyat bersatu untuk bangkit melawan program gila oleh pemimpin pikun😊😊😊😊,negative
kami orang dusun orang pinggiran yang mayoritas penduduk ri sangat senang anak2 kami dapat makan setiap sekolah.kalian cnn jangan brisik kayak kompor pergilah dari indonesia km itu media siapa nyinyir aja sama pemerintah.giliran ada bagusnya mulutmu diam,positive
terus kapan kita di ntt kusus nya di desa mata aer hingga sekarang ko tidak ada tanda tanda kehidupan makan gratis,negative
"banyak mitra dapur mbg yang ngga dibayar, ada yang curang. mungkin aja dikorup.",negative
"bravo bocor alus tempo, jangan sampai kendor suarakan terus kebenaran. yakinlah kebenaran akan menang ❤",positive
"dari pada makan bergizi, lebih baik bikin pabrik alat berat, pabrik mesin pertanian dan pabrik pupuk non export",negative
rawan di korupsi program mbg ini,negative
"yayasannya aja satuan komando kesejahteraan prajurit (skkp), mau sejahterakan prajurit kah rakyat generasi muda..😢",negative
"ancurrr along2 sayur keliling tidak dpt bahan di pasar, gawatttlh, hapus ja mbg ini tidak menguntungkan mubazir yang ada",negative
"usul yang bagus pak..tapi tidak akan dilaksanakan..karena kepentingannya bukan itu..yg penting adalah sambil menyelam minum air..jadi sambil ceritanya peduli ama anak2, semua kroni dapet jatah ..",negative
nanti ada lawan bocor kasar dari cokro tv😂,neutral
spill siapa ra? 😅,neutral
​murid jadi tameng agar proyeknya tetap berjalan,negative
kepulauan riau ngreriiiiiii cuy......,neutral
"negara ini sudah rusak serusak rusaknya, korupsi dmn mana, pembunuhan, pemerkosaan, pengerusakan alam, perbudakan, dsb.. huftt",negative
asikk bocor halus👍👍,positive
smoga hasil dari proyek mbg dibagi rata adil biar adil....mbg ❤❤❤,positive
ayo tempo terus berikan pencerahan ke pada publik .,positive
tidak ada makan siang gratis. hari ini itu bukan hanya pepatah..,negative
yang ky gini mah termasuk hukum dagang &trik dagang klo orang yang biasa berdagang sdh paham jdi g perlu di bahas,neutral
nunggu sejenis satrio piningit atau che guevara,neutral
"andalan gibran kali, klo prabowo tidak ikut, udah pasti kalah di pemilu kemaren",negative
dan ternaknya masih buta gegara apa padahal hidup mereka masi susah tetep aja ngebela majikan ngeden,negative
"yang bodoh harus dibohongi, yang kalah harus menderita, yang belum sadar harus dikibulin he he he....... sampai tumbuh kesadaran untuk berani marah........ sebelum itu susah....... yang pinter semakin menderita sampai nunggu yang bodoh sadar.",negative
"mbg tempat gw tidak ada ni , parah 2 hari tidak di kasih . kemana itu duitnya? vendor sialan",negative
kalau menyimak dan mendengarkan obrolan bocor alus makin kesini makin geregetan makin penasaran maju terus tempo majalah yang paling terdepan,positive
"denger2 lisensi mbg sudah dikaplingkan ke 'institusi', ormas besar, dan 'otoritas tertentu'. nah, ini lagi ""jual beli"" lisensi ke vendor vendor di masyarakat. ada yang dijual lepas, ada yang sistem bagi hasil",negative
"ayo pak prabowo,janjinya mana katanya mau mensejaterakan rakyatttt",negative
"inget dulu kan ekspor lobster, isinya orag gerindra semua 😂 bullshit dia mikirin rakyat",negative
program gagal sama kaya prakerja,negative
"satu tahun? itu yang sdh berjalan satu tahun ada banyak yang baru beberapa bulan,bahkan ada daerah di jakarta yang belum dapat. berarti tidak bisa digeneralisasi berjalan satu tahun.",negative
"tenan to. yakin kalau kerja jurnalistik tempo valid. jelas akan banyak. kkn nya dari lingkaran mereka. untuk menggemukkan yang mendukung mereka. tidak akan ada yang berani audit. semua di bawah kendal penguasa angin, air, dan tanah.😮",
"kalau ngomong duang ini hasil investigasi, lapor saja. kalau ngomong sampai berbusa kaya gini, apa bedanya anda yang melebeli org dgn diri anda.",negative
rakyat kita mudah digiring opini nya.. di sodorin joget joget gj aja langsung menang meraih suara tertinggi voting pemilu.,negative
tempo makin terdepan,positive
ada yang dengan bangga akan menemui trump untuk meminta penurunan tarif eh tidak taunya malah dinaikan😅 malu sampai ke ubun😂😂😂,negative
ganti rezim sama aja jadi lahan korupsi.,negative
program mbg ini. harus pintar akting. mrk sprt buat filim. bawahan lapor pengeluaran pemimpin se olah2 mendengar. dan percaya. tapi filim ny tidak masuk akal.mana mungkin tidak d slidiki.,negative
prabowo lebih cocok jadi pebisnis daripada presiden..,negative
"terimakasih tempo,,👍👍👍",positive
ada juga media dan kaum fitnah para penikmat uangnya goorge soros ( yahudi internasional).,negative
tambang baru lewat seporsi mbg,negative
"ngg usah di lanjutkan, sarang koruptor",negative
pendidikan gratis itu tidak perlu yang penting perut dulu 😁,negative
iya karena byk membantu ibu ibu yang di tidak pekerjaan nya,positive
sudah dipastikan bisa sj terjadi kecurangan2 lebih baik setiap oang tua murid di berikan makanan pokok ( beras) dll..,negative
gokil..,positive
"harga-harga merangkak naik, disini jeruk udh gapernah turun lagi, sama dgn telur dan bahan pokok lain",negative
"gerak manipulatif negara terhadap rakyatnya itu untuk menggantikan sistem gagal... sebenarnya program dibuat sebagai alat kontrol elektoral (kecurangan halus) yang kasih umpan manis sambil pertahankan ketimpangan struktural... gerak manipulatif ini digunakan dengan program ""kebaikan"" untuk beli loyalitas kelas bawah,sembunyikan fakta bahwa kebijakan asli (hukum timpang, prioritas korporasi) justru berimbas pada perilaku peras rakyat miskin.",negative
mbg di daerah saya ada. sekolah saya kebetulan dapat.. dalam 1 kecamatan aja.. baru beberapa sekolah yang dapat... masih banyak yang tidak dapat,negative
"aneh, saya sudah minta pak dadan kasih tempo 10 dapur dan diinformasikan lewat yayat cipasang agar anak indonesia bisa ikut menikmati dana asing yang dipakai tempo untuk nakal..dan disuruh juga ke dapurnya jimi hantu ex prd, satu golongan dgn tempo, ternyata tempo tidak mau...tempo cemen ah😂",negative
👌👌👌👌👌,positive
kantin sekolah merugi,negative
ooo pantes,neutral
ohh ini channel dari media yang didanai george soros,neutral
tetap mengungkap kebenaran....bravo tempo ❤,positive
"saran untuk tempo supaya lebih menelisik anggaran 71 t ataupun 171 t itu untuk apa saja, apakah hanya untuk makanan saja atau sebenarnya kurang 50 % anggaran yang digunakan belanja mbg dan sisanya operasional",neutral
orang orang gerindra menguasai indonesia.,neutral
bukan rahasia lg itu memang kontrak politik,negative
mbg harusnya melibatkan sekolah dalam pelaksanaannya.,neutral
"hati hati ada ""pendukung"" tapi penggembos agar terlihat jelek, pak prabowo mending mbg digabung dengan program stunting antara menteri kesehatan dan menteri sosial, puskesmas posyandu masuk ke sekolah, didata anak yang stunting, kurang gizi, rumahnya didatangi diberikan langsung telur mentah, ayam, beras, gas, dan uang saku setiap bulan untuk anak itu agar keluarganya masak sendiri makanan itu, diupload difoto, setiap 6 bulan di lakukan monitoring. kasih insentive lapangan ke puskesmas, yang berhasil mengatasi gizi kasih reward juga. dst.",positive
"bener kali, ini adalah proyek makan gratis👍👍👍",positive
"bukan bocor alus lagi, ban pecahhh",neutral
kasihan kantin di sekolah2 yang dipunyai ibu2 miskin dgn modal kecil2an.,negative
"sabar ya, bang b4b1 b4b1 mulyono mulai berkeliaran disini 😂😂",negative
ingat banget dulu byk pihak yang menentang program mbg ini karena akan ada ladang korupsi. dan terbukti sekarang pihak siapa yang diuntungkan.. danantara tidak menutup kemungkinan juga. ironi sekali,negative
usaha itu boleh asal tidak korupsi.. iri aja kalian,negative
"proyek untuk 58% pemilih , termasuk buzzer nya.",negative
"banyak ""tikus"" ya di indonesia 😮",negative
kacau,negative
"relawan atau relasi partai ikut mensukseskan program makan gratis menurut ku ngga ada masalah, wajar aja dan biasa aja yang penting jgn korupsi",positive
hati2 progam mbg paling bertahsn 5 th.,negative
"koperasi yang digadang menjadi konsolidator masih minim realisasi, sdm yang kurang, meritokrasi yang belum merata, koperasi yang lama belum tergarap baik.. seolah koperrasi yang lama tidak ditemukan dalam percakapan kmp, maunya harus diseleksi juga untuk menjadi kategori koperrasi yang butuh disupport.. jangan semuanya seperti bagi bagi jatah kue",negative
"kenyataannya banyak phk,anak2 juga ada yang keracunan mbg,ada yang makanannya tidak di mskan,yg di buang dll.😂",negative
"bnr kata yutuber politik, ini proyek korupsi. mantap..pantes klu dikritik tidak trima",negative
"tidak milih 02, tapi udah dari awal tau nih proyek bakal korupsi gede. orang tidak jelas step2 prosedurnya butuh ahli nutrisi, penyedia makanan, dapur masaknya itu pun tiap hari beda masakannya, tiap daerah beda2 dan tidak semua daerah ada bahan makanannya",negative
"memprihatinkan, kalau hasil investigasi ini benar. yang miskin tetap miskin. yang miskin dan tidak berwawasan, banyak yang tidak tahu mereka ini sedang dimiskinkan.",negative
"sya pribadi tidak setuju program mbg dan juga bukan pendukung prabowo. namun melihat skuad yang menyukseskan program mbg diisi oleh para pendukung prabowo, sya kira hal tersebut wajar. yang menjadi konsern adalah, apakah ada penyelewengan dana 71triliun + 100 ini. jika 100% digunakan untuk masyarakat, ya tidak masalah.",neutral
didaerah saya mbg yang megang tentara serta bagian kepala dapur dan staff staff lainnya diisi purnawirawan tentara wkwk,negative
supply chain rusak.,negative
yang di untungkan pihak pengelola di lapangan,negative
proyek ini wajib d selidiki..kalau skr emang susah karna ceo nya org no satu d konoha..,negative
mantep kroni2 nya kaya mendadak... selamat menikmati...,negative
yang untung dapur2x,neutral
yang diutungkan para pemborong dapur mbg....kader kader gerendra...borong tempat masak mbg....,negative
kalo kata pak wowo seluruh rakyat indonesia 😄😄🤡,negative
"nanti nya kita tengok,, apakah sama kayak nya, e ktp.",negative
ikut ok gass ok gass lah sapa tau ada yang mau ngangkat gwa jadi komisaris 😂🎉🎉,negative
mbg ...koperasi merah putih...lumbung suara grindra...pemilu ke depan ..,negative
program terbodoh sepanjang masa,negative
ini proyek bukan untuk rakyat....tp proyek buat elit2 sj maju terus tempo......ttp hati2....😊😊😊 dan waspada,negative
mengkritik program berskala nasional yang baru berjalan satu tahun hanya berdasarkan kendala logistik di beberapa titik adalah pandangan yang kurang proporsional. tidak ada program sebesar ini di dunia yang langsung sempurna di tahun pertama. pemerintah sedang melakukan fine-tuning pada sistem distribusi. masalah rasa atau kesegaran sayur adalah tantangan operasional di lapangan yang terus dievaluasi melalui standar dapur satuan pelayanan. yang jauh lebih penting adalah keberanian politik untuk memulai pemenuhan gizi anak bangsa secara masif demi memutus rantai stunting yang sudah puluhan tahun menghantui indonesia,positive
yang di untungkan hanya orang2 tertentu terutama yang punya modal dan bisa membuka mbg,negative
sudah rahasia umum,neutral
wah wah 😂,neutral
setidaknya ada yang tercatat 5 besar,neutral
yang pasti banyak team pemenangan yang kelola mbg,negative
​ absolutely right 😂😂😂,neutral
"sampai muak, pemerintah seperti ini, tidak bisa meberi contoh yang baik kepada masyarakat, yang ada hanya korupsi, tidak ada prestasi, sekarang korupsi merajalela turun kemasyarakat bawah.",negative
red green,neutral
jurnalis spt tempo menjadi barang langka dinegri demokrasi omon-omon,positive
proyek makan gizi gratis(bukan gratis) pengeluaran biaya yaitu yayasan mitra usaha,negative
mbg maling berkedok gizi,negative
belum lgi proyek di papua haji isam yang notabene org deket prabowo juga 😂,negative
mendingan di ganti sama uang aja selama bulan puasa,negative
"budget segini, penyajian ada selisih. sisanya?",negative
"dari 2019 dia emang udah gitu, inget lobster ekspor, mayoritas perusahaan punya orang gerindra yang dapet jatah wkwkwk",negative
calon mega korupsi baru,negative
"maklum si pupuriril taunys cuma dapat bansos,dia pikir bansos duit dari jokowi x.😂",negative
lebih fresh tempat biasanya,neutral
"tempo keren,teruskan menyuarakan kebenaran",positive
teman2 bocor alus tau tidak sih skg adab tandinggan potkes bocor kasar,neutral
masakan tempo kelas bintang 5 harga kaki lima👍,positive
"makan bergizi gratis???dari awal lagi,gua dah mengganggap inilah ladang korupsi yang terkini!!!dimanakah akal fikiran pemerintah ini???bukan begitu caranya untk memberikan makanan bergizi gratis!!!!mbg adalah salah satu ladang korupsi yang ditiru ketika jokowi berkuasa,semua projek nya, dikorupsi sebesar-besarnya dan dijadikan alat untk mengintidimasi dan membungkam seseorg!!!mmg licik dan jahat,cara menjerat dgn dihidangkan ladang korupsi yang pasti membutakan mata hati seseorg!!!!jika diaudit, pasti ketirisan byk terjadi!!!pak prabowo sudah wajib merombak kabinet dan menteri2 titipan jokowi!!!jika diteruskan bersama jokowi,inilah yang terjadi,matahari kembar!!!kapolri paling wajib ditukar,semua badan institusi negara wajib dirombak, korupsi punca segala kerosakkan dan kehancuran republic ini,wajib dimusuhi pemerintah dan rakyat!!!!",negative
"dari awal d cetuskan juga udah banyak yang menduga bakal jadi lahan baru korupsi.. ambisinya ini itu tpi tidak paham situasi. d konoha jngankan ada celah, tidak ada celah aja bisa d buat korup",negative
"bogor hadir bongkar terus mas pram &dkk,,atas kebusukan dan kemunafikan para bromocorah yang sering di sebut ""elit eksekutip,legislatiip &yudikatip pusat maupun daerah...trs brjuang dan jngan prnh gentar.",negative
tuh kan bi bogor akhirnya disebutttttttt,neutral
"kan memang benar program makan gizi gratis yang dukung dan pejabatnya konoha juga harus ""makan"" bergizi juga 😂",negative
"dari awal proyek ini digembor2kan, gw sudah prediksi proyek ini akan bermasalah",negative
"gila pada tidak takut sama dosa pemimpin2 kita, selalu mematasnamakan rakyat",negative
relawan tapi dibayar 😂,negative
hidup vegan go vegan,neutral
yang diuntungkan ya yang di beri makan itu satu yang lain2nya ada banyak to orang proyek kok ha ha ha,negative
di konoha susah membedakan pejabat dngn penjahat.....,negative
"71t klo dipake untuk biaya pendidikan gratis bakal luar biasa, biarlah urusan gizi anak² kami biar kami sbg orang tua yang urus😢",negative
"presenter ini menurut pandangan saya, sangat lihai berprofesi sebagai mistress...",positive
yang diuntungkan bos bos pemilik dapur.,negative
🤨​,neutral
kapan nih bocor alus bahas ijazah palsu yang lagi rame ....,neutral
kasian juga pihak sekolah/ sektor pendidikan yang nti akan terlibat langsung dlm pelaksanaan di lapangan tapi sm sekali tidak dilibatkan .,negative
"dari 10 rebu trs dipangkas lagi 2 ribu,mbg jd 8 ribu 😂😂😂. 8 ribu perak makan paan jnkk.. bener kata mr ompong,mbg lahan basah buat para tikus",negative
awass nanti wowo menggeruduk...mengjritisi disamain dengan menghina...,negative
"mbg gratis, kata siapa, kan dibayar pakai pajak yang rakyat bayar.... mbg gratis, menyesatkan.....!!!!!????",negative
yang untung ialah para pejabat daerah yang membuat proyek dapur sppg dg menggunakan org lain sbagai kepala yayasan nya..,negative
58%,neutral
bukan gelap lagi tapi gulita.... 😂,negative
maling berdasi menguasai nkri,negative
sudah berkali kali berganti presiden tidak ada yang mampu mensejahterakan guru honorer. hanya hitungan bulan prbowo menjabat sudah mampu mensejahterakan supir dan petugas cuci piring di sppg. mantap prabowo,positive
"bravo, tempo bocor alus",positive
"sejak prbw mencetuskan ide makan siang gratis saat kampanye, sdh dpt di perkirakan bwh akn jadi project bancakan oleh kroni prabowo. ternyata benar.",negative
aku ora iso mikir ngangsur bank tiap bulan lek...kahanane tambah ruwet..,negative
gua dari 2014 pilih prabowo dan sampe kpanpun🤪,positive
wajar siy. secara udah 3 kali kalah pilpres tidak kebayang udah berapa triliun duit abis buat modal kampanye. begitu menang pemilu wajib ngeruk duit lewat proyek2 dan program2 biar balik modal atau bahkan untung besar.,negative
tidak heran klo makanan basi,negative
paling untung para pendukung pak pejabat.,negative
"tempo + pdip+mafud md kalau ada kebocoran / korupsi tidak fitnahan , bongkar❤❤❤❤",positive
dosa apa sih kita ini sebagai rakyat indonesia.setelah 10 tahun dibohongi dengan keluguan kedok plonga plongo.masih harus lagi menanggung dosa kerakusan berjamaah dibungkus omon omon ngedabus,negative
"yang diuntungkan? ya pasti mitra lah, 1 miliyar lebih pertahun broh, belum main-mainannya. ""tapi kan dia bertanggung jawab dg 3000an porsi setiap hari"" yang bertanggung jawab bkn yang punya, tapi yang bekerja di situ.. ""tapi kan adanya sppg buka lapangan kerja yang besar?"". iya gw tahu, tapi sistemnya memilih pilihan yang harus mengorbankan yang lain. kita cm dikasih lowongan kerja dg gaji kira2 umr aja udah goblok, jadi buta sama fakta bahwa mbg itu bkn hanya mengorbankan penghasilan pedagang kecil, atau peserta bpjs, atau guru honorer, tapi merusak sistem yang awalnya sudah semrawut, jadi tambah ndk karuan. kita tunggu saja, sampai ketimpangan sosial ini pada puncaknya. apakah negara akan mempercepat chaos, atau menundanya, atau justru sesegera mungkin introspeksi diri?",negative
tinggal tempo yang bisa kami percaya dari semua media. lanjutkan perlawanan terhadap kedholiman dan kezaliman para penikmat kekuasaan.,positive
terus konsisten tempo,positive
ya ekonomi masarakat kecil tak ada perubahan,negative
"kacau bukan mengajarkan berpuasa , malah milih lnjut dibulan ramadhan,.",negative
cair... 🤑🤑🤑,positive
"halah ee kucing,, kita yang petani tau harga sayuran??? cabai cengek tidak lebih dari 20rb sekilo,, lahan 100tumbak tidak lebih dari 15kg seminggu,, terong, seladah, burkol dan brokoli tidak lebih dari 3rb perkilo,, sawi, pecai tidak lebih dari 1rb sekilo,, sejahtera petani apanya?",negative
yang untung buesaarr ya cuman pemilik yayasan yang berafiliasi sama rezim. yang laen mah dapet ceritanya doang,negative
tempo lagi lagi memasak,positive
lha sepi karena mbg ? apa hubungannya? apa karena anak makan gratis trus orang tua tidak masak ?,negative
"program makan bergizi ini tentu punya niat baik untuk kesehatan anak-anak. terlepas dari siapa yang menjadi mitra, harapannya kualitas makanan tetap terjaga dan tidak ada penyimpangan agar manfaatnya benar-benar sampai ke siswa",positive
jaga mulutmu​,neutral
mbg memang di ciptakan untuk bolo bolo....,negative
kita sudah menduga ternyata benar ada penikmat mbg.. tidak ada makan siang gratis.,negative
udah ada timnya yang bahas. cek sentana tv,negative
ini program abah anies harusnya abah presidennya😊❤,positive
"trimakasih tas hidangan yang disuguhkn tempo, masakan & menunya slu yang baru dan penuh gizi dan vitamin",positive
"segera bertaubat wahai kaum 58, buka pikiran dan hati kalian. cukup 1 periode aja😢",negative
"broo, mau tanya mengenai ceo tempo itu namanya siapa ?",neutral
mbg hanya proyek rampok uang negara.😂😂😂,negative
"mbg lupa dengan pemasuk kantin sekolah2, pondok pesantren, matiin brp masyarakat kecil, lupa ya ekonomi siapa yang maju,, relawan mbg pun orang2 ttn",negative
"mereka tidak salah, yang salah yang milih mereka!!",negative
mantap,positive
kenapa tidak lngsung diberikan uang sj biar tidak semakin bnyk korupsi soalnya mbg yng diberikan tidak sesuai dengan harga jatah 15000,negative
te mpo wakil suara rakyat yang bersih kredibel dan tajam. kepaja babi di masak sajikan ke istana,positive
"satuju brow,, mbg program sontoloyo",negative
sdh diduga proyek2 pemerintah pasti yang menikmati pasti yang deket kekuasaan,negative
negeri ini semakin kacau agama tidak lagi di amalkan nafsu serakah penguasa hukum apa ini,negative
disitu ada gula disitu ada semut .........,negative
mbg = program cetak ta1k nasional😂,negative
siapa yang menguntungkan kehadiran dana mbg?..?pihak pihak yang tak bertanggung jawab.,negative
"kasihan kantin sekolah. udah punya tempat, pengalaman, dan akses bahn baku. tinggal nambah karyawan dan porsi. tiba-tiba lahannya diambil orang yang lebih kuat. mau mengadu ke siapa bingung karena cuma rakyat kecil.",negative
betul sekali omset turun 50-70%,negative
"apan gua udah bilang mbg pasti sarang korupsi baru ,klw dipertahankan berarti ada apa2nya",negative
"mereka bisa membuat program skala besar dan menggaji relawan mbg dengan layak tapi gaji guru masih ditekan sedemikian rupa. padahal sedikit saja dana itu dialihkan buat kesejahteraan guru, guru jadi bisa beli buku dan menambah ilmunya. jadi sadarkan pendidikan kita mmg bukan untuk mencerdaskan anak bangsa.",negative
kapan beliau turun jabatan,negative
pasti ada...pantang ada proyek dananya tidak dikorupsi...manusia2 serakah jahannam.,negative
didaerah masih ada dapur yang ngasih asal jd yang untung pengusaha yang py uang.bahkan anggota dewan byk yang ikut mutar duit disitu .yg kaya makin kaya.kl pelaksana lebih baik di kuasai militer lebih aman teratur disiplin dan terorganisir.❤kantin sekolah buat jd dapur mbg lebih relevan dan merata.,negative
bubarkan kpk!!! hanya menjadi beban apbn...kerja dan hasil nol besar,negative
"got it, kalau buku-buku politik yang rekomended apa ya bang?",neutral
akan semakin parah.,negative
yang diuntungkan ya dpt proyek 😅😅,negative
namanya saja mbg/makan bergizi gratis jadi yang makan bisa siapa saja & itu bisa dimulai dari orang2 istana & kroni2 nya😂😂😂😂.,negative
data yang di dpt harus disimpan.,neutral
"mbg segera diberhentikan saja, anak sekolah tanggung jawab orang tuanya, keberhasilan meningkatkan gizi tidak sebanding kerugian negara karna ladang korupsi",negative
tidak ada kak di ibukota pun tidak dapat. mungkin hanya wilayah tertentu,negative
yang untung pak wowo lah bisa 2 periode spt jkw dan bltnya,
alah tempe tidak ada yang dukung kecuali antek antek jossoros amerika kami tidak percaya lagu dg majalah tempe goreng😅😅😅😅,negative
"makan bergizi gratis dan bener"" gratis 😂😂😂",positive
daripada proyek makan gratis apa tidak lebih manfaat buka lahan sawah atao lain yang lebih baik untuk rakyat yang kurang mampu,negative
mantap... 😊,positive
31:08 😂,neutral
"yang untung pejabat, elite parpol, institusi timses, relawan dan kroni2 yang kemaren dukung presiden, gubernur dan bupati,,, kalau orang2 diluar pusaran diatas, jangan harap berlebih, mau ikut kerja saja susah,,,",negative
ladang cuan baru,negative
salut banget sama tempo❤❤❤❤❤❤❤❤❤❤❤❤,positive
setiap hari bawa makanan sisa dari anak sd yang tidak habis dimakan.,negative
"bravo bocor alus ,teruskan tugas pengamatan ini scr jujur dan transparan, input untuk pemerintah/ kpk tolong simak pls !!!",positive
10 tahun pemerintahan gagal ehh malah mau ditambah 5 tahun lagi bahkan ada wacana nambah 5 tahun lagi.. wassalam dah tinggal nunggu ancur nya aja nih negara....,negative
yang untung adalah orang yang punya modal besar dan yang dekat dgn kekuasaan. masyarakat kecil semakin terpinggirkan. fakta....!!,negative
kalau uang jajan di transfer saja untuk anak yang kurang mampu saja... sebenarnya mereka sedang menciptakan ladang koruptor,negative
bagi2 duit lewat proyek.,negative
sakit hati ya,negative
"peluang kerja baru buat warga sekitar datang dari mbg, semoga tetap jalan terus",positive
mayoritas tapi di pimpin minoritas ………,negative
pak presiden ini blm puasa dari rumah sdh niat berpuasa di sklh bagi makanan apa ini di namakan etik .justru merusak iman pd generas penerus .kok ngeyel msh nyalurin mbg apa ngk bisa di uangkan .klu mikir buat buka puasa .bkn makanan yang mubajir di buangin .apa itu bukan uang .pak menteri yang hebat .,negative
"saya tidak suka tempo, karena ada uang nya soros di dalam nya. soros adalah aktor pemecah belah bangsa dan untuk keuntungan asing..",negative
"jadi presiden, jadi pejabat, jadi pendukung niatnya hanya untuk cari makan, politik ta1 kucing 1ndonesia, kapan bisa maju ini negara 😂",negative
ini ngomong ada bukti kongkretnya nggk ya,negative
rencana pabowo emg biar uang rakyat dikorupsi,negative
"ada anak yang punya keterbatasan untuk memakan (bisa alergi, bisa susah menelan, bisa karena konsi mulut dan atau tenggorok) apakah ini dipikirin juga oleh ahli gizi.... ??boros anggaran, boros pikiran, boros tenaga... ""buang saja mbg ke sampah jangan ke perutmu"" ada racun kapitalis membunuh kemandirianmu....",negative
korupsi mega proyek maling2 berkedok gizi yang di legalkan dgn perpres?,negative
"dalami juga rekrutmen sppi, calon2 kepala sppg dalam program mbg banyak peserta yang dikecewakan akibat tudak transparan",negative
"kalo mbg ini ada 3 org anak bersaudara yang sekolahnya sama, maka diselingi ya kadang si a dapet dan 2nya kaga dan seterusnya, masalahnya ponakan saya seperti itu di sekolahnya.",negative
konten baru 🎉🎉🎉,neutral
"merusak pedagang kecil yang nitip kue di kantin, pedagang cilok keliling, es keliling...",negative
hiburan buat yang kalah pilpres wkwkwkwkwk,negative
"setujuu, mbg emang ngerusak pasarr. ada lapangan kerja yang tumbuhh, ada pula yang hancur😢 istilahnya, cuma ganti pemain aja, yang dulu pasar bebas, sekarang jadi orang2 seragam coklat, ijo, parpol, atau ormas",negative
mbg program yang tidak jelas....,negative
kroni kroni agen intel mossad yahudi george soros ada di sini,negative
analogy nya kurang tepat . tidak gitu konsep nya,negative
gampang ditebak pasti pemain protein mbg tidak jauh dari pendukung pencapresan or a no work.,negative
​ hedeh blm move on y.yg sdh jelas g terbukti di ungkit trs.tuh tanyakan korupsi pertamina sdh sampai di mana,negative
jogetin aja sambil beli gass😅,negative
bravo tempo❤,positive
indonesia darurat akhlaq adab moral perilaku etika konstitusi dan ekonomi,negative
"pantesan sulit ditutup itu proyek, ternyata sebagian besar dlm lingkaran",negative
bapak cahyadi tau tidak tuh ada mbg yang bikin keracunan anak? masih mau bilang tolol ke anak anak? 🤣,negative
mbg cuman menguntungkan para elit yang punya duit....mereka pada lomba dapat tender mbg,negative
"memang benar, proyek makan gizi gratis ini di main kan anggota parpol,salah satu yang nyata di kawasan jaktim adalah caleg yang gagal menang dari parpol demokrat",negative
lanjukan informasi ke publik sbg alat kontrol yang rational dan profesional..,negative
hapus makan gratis perluas infratruktor terutama dipededaan,negative
"semangat relawan proyek triliunan, kapan lagi hajar bleh....",negative
"saya baru masuk jadi relawan sppg mbg di daerah saya, emang bener nuansa politisnya terasa banget, dan nepotisme terang terangan..serta kebohongan sudah di mulai.. kami relawan mbg agar terpilih bekerja harus ikut membersihkan bekas proyek pembangunan dapur mbg.. kami gotong royong 10 harian tanpa uang makan..",negative
untuk rakyat 15 rebu per orang x 20 hari. (usia sekolah) untuk kroni2 2m ( ??? ) sebulan. pemerimtahan macam apa ini??? ternyata podo wae.,negative
"terus maju tempo, kami mendukung mu",positive
"jangan kaget presiden tiba tiba bertemu jokowi tiba tiba bertemu megawati itu karna gibran sebagai wapres bisa menghasilkan apa dalam sebuah pembahasan atau dialok, dan kemarin saat presiden keluar negeri para pejabat tiba tiba mengunjungi jokowi,itu karna bila pejabat bertemu gibran persoalan akan lambat karna gibran harus menghubungi jokowi dulu, jadih pejabat lebihbaik bertemu jokowi langsung. program mbg sebenarnya bisa ditunda hingga prekonomian normal, tapi kalau mbg ditunda wapres kerja apa, karna kalau diajak rapat wapres bisa kasih usulan apa. kita butuh wapres yang benar benar membantu presiden, lagipula gibran itu hanya jadi boneka jokowi.",negative
"yak betul semua..... 1. penyedia yang bangun dapur dari lahan tni itu semua terafiliasi dengan kontraktor merah putih yang jadi timses prabowo dan itu semua tidak berkontrak yak.... tidak jelas juga proses penunjukkan penyedianya.... hanya berdasarkan surat tugas dengan lampiran rab senilai rp1,5 miliar dan gambar design tanpa mengatur hak dan kewajiban para pihak, bahkan denda keterlambatan juga tidak ada 2. yayasan sebagai mitra bgn juga sebagian besar adalah dulunya pernah menjadi penyedia catering saat kampanye prabowo, untuk yang bukan siapa2 mau bergabung menjadi mitra juga sangat banyak persyaratannya, dan juga ada konsekuensi bersedia menalangi biaya dulu selama 2 bulan 3. terkait tata kelola juga amburabul, tidak ada koordinasi antara bgn pusat dengan pelaksana daerah, bahkan pihak tni di daerah juga bingung dengan tiba2 adanya yayasan di daerahnya yang 4. di bawah juga menjadi rawan penipuan terkait penawaran kerjasama mitra mbg oleh pihak2 tidak bertanggungjawab",negative
"luar biasa, maju terus tempo!",positive
"pertanyaan macam apa itu,,,ya jelas lah yang di untungkan adalah yv punya proyek, yang pegang dapur mbg,,,sedangkan untuk untuk siswa tidak ada menguntungkan sedikitpun,buat negara jelas merugikan",negative
"asal tetap independent dan diadakan kebenaran, pasti masyarakat akan dukung bravo tempo💪💪💪",positive
"mereka para dapur mbg mmg smua nya twngkulak dan produsen malah, knpa? krna mrka mau lancar dan untung besar, beli di tengkulak mmg bsr, makanya hrga2 pangan di bwh pd naik smua malah stok nya susah/brkurang.shigga hrga naik rakyat jd korban. jgn lah para pejabat blg cari stok byk ke tengkulak. jd tidak akn memajukan ekonomi lokal",negative
supaya tak klihatan korupsi demi mensejahterakan pendukung...luar binasa,negative
kasihan para pedagang kecil ..di sekolah.. mau diapakan mereka,negative
"mestinya makan gratis siswa jiplak seperti jepang saya kira akan lebih irit, karena siswa sd di daerah2 sekarang sekelas kadang hanya 10 orang bahkan kurang",negative
"mantab bos, proyek bergizi gratis....dr awal.sdh sy duga, pasti ini kue manis yang bakal dibagi2 buat kalangan mereka",negative
maju terus bangsaku... selalu leading dalam hal korupsi,negative
"kolo sdh proyek, ehm ehm.... hati² diintai penegak hukum🎉",negative
tapi kok ada yang sudah bangkrut karena mbg tidak dibayar??😮😮😮,negative
pemborosan berkedok efisiensi..!!!,negative
"ha ha ha heliloyang nasi campur ayam kampung .haha ha ,ini orang kitho galo .",neutral
"seharusnya, semua yang akan menyediakan makanan bagi khalayak umum, apalagi sekolah, harus diterapkan sistem sertifikat untuk food safety. jadi tidak ada lagi ulat, anak2 yang makan makanan kadaluarsa dan cross contaminated foods. kalau sampai ada yang muntah dan diketemukan ulat dll, harusnya catering tersebut harus bertanggung jawab.",negative
"semua d proyekkan...mantap si gemoy ini,mensejahterakan org² sekelilingnya dengan embel² mensejahterakan rakyat",negative
program proyek makan bergizi gratis buat para tim sukses ... biasalah urusan perut.. akal dan ahlak tidak perlu 😇😇,negative
​ memang mbg pasti bergizi&g pake micin?,negative
sebentar lagi banyak yang pkai rompi orange 🍊🍊🍊,negative
"mbg d bengkulu blm merata,seperti d bengkulu seluma msh banyak blm dapat mbg",negative
mbg indah di penguasa sengsara di masyrakat,negative
​ tolong berpikir ya jgn sempit2 amat... indonesia jd tuan rumah ajang international itu sgt membanggakan...mmbawa nama baik indonesia...dan jelas2 itu proyek mndpt untung milyaran... mmbantu umkm selama acara itu.. investor asingpun jg akan melirik indonesia... tidak ada bukti jg pak anies korupsi. yang ada pak anies dicoba dikriminalisasi sama jokowi.,positive
dampak nyata sembako jd naik.ttp yang untung pemain mbg,negative
anggaran 900 m sehari cuma untuk beginian?,negative
siswa tidak butuh 👉mbg : makanan beracun gratis 👎👉siswa butuh pendidikan gratis 👍,negative
"bravo tempo. keep spirit, maju terus bocor alus 👍👍👍👍💪💪🔥🔥🔥🔥🔥❤❤❤❤❤❤🇮🇩🇮🇩🇮🇩🇮🇩🇮🇩",positive
mbg membuat rakyat iri hati karena tidak langsung merata yang dari awal dapat sudah tambah gizinya yang belum dapat nunggu sampai pemilu yang akan datang sampai tidak punya gizi apakah ini adil bagi rakyat indonesia,negative
oalaaaaaahhh wo.. wo.. bener bener raja omon omon....!!?,negative
hanya media tempo yang kritis patut kita banggakan,positive
tidak semua orang tua bijak😊,negative
"terazablah rezim mafia oligarki& mafia koruptor/maling berdasi, istlah orang desa. & para anteknya sipil/militer, hingga anak keturunanya. dimanapun mer e ka berada. salam akal sehat/ warasbyby!!!",negative
@ ada itu sebiji... buta hati tidak mampu melihat fakta,negative
program yang sangat bermasalah. di tempat sy malah maksain bikin dapur dgn dana sendiri.... tidak jelasss,negative
bancakan anggaran negara,neutral
tetap semangat dan jgn takut ungkapkan kebenaran. jgn pernah menyerah wni mendukung mu tempo. tempo badabest! apotek tutup tidak ada obat.,positive
memang. perusak bertopengan mkan gratis. padahal proyek kekayaan,negative
yang di untungk para pejabat mbg malah bawa petaka. guru lagi yang jadi korban . malah menciptakan korupsi,negative
itulah namanya proyek!!!​,neutral
terima kasih 🌹👸🩷,positive
"orang awam juga sebenernya paham tidak mungkin mereka ikhlas kasih makan la, pasti ada yang diuntungkan.",negative
"program makan gratis,program yang tidak rasional,diganti saja dengan program sekolah gratis..gratis 100%.bagi yang melanggar ,kepala daerah di tindak tegas",negative
kalau tidak ada koneksi jangan harap bisa terlibat mbg😢😢😢😢,negative
"wah tidak bisa begitu pak, timses dan para kroni nya tidak dapet apa-apa donk..😅😅😅😅",negative
lagi lagi kkn hah,negative
yang diuntungkan mitra dan yayasan bukan umkm,negative
"habis mbg, telusuri koperasi merah putih dong",negative
"mas pram kok.mendadak ""naif""? di indonesia atas nama proyek sekecil a sebesar apapun proyeknya, yang nm nya indikasi korup yo....mesti ada to......!!!!",positive
"maksud hati program sampai 29'bisa 2 periode.heleh cuma omon omon tok..buat tempo bolus,tetap memberikan berita berita yang akurat..mksh tempo sl terdepan",negative
"warung snack juga terpengaruh, omset turun karena kantin sekolah mengurangi belanjanya.",negative
"makanan beracun gratis, ketua mbg, ahli serangga😂😂 ojo lali, la ngono, saiki, nyeungsep kabeh😂",negative
proyek korupsi,negative
mbg itu hanya akal-akalan prabowo supaya dpt dukungan di 2029,negative
modus baru maling apbn an rakyat/anak-anak indonesia yang dibungkus pmb,negative
"berhentilah dengan pola pola vendor seperti ini, selalu ujungnya korupsi",negative
"tempo media maju terus pantang mundur, suarakan selalu kebenarannya",positive
presiden kami prabowo.yg kami banggakan.,positive
terdepan dalam berbagi kue,negative
"mbg kenapa tidak transfer ke rekening pelajar kjp/kip. dll.. !!,, 10 ribu x 30 =300 ribu. bisa buat belanja uang dapur orang tuanya, masak buat anak2 nya,. !! :) :)",negative
bukan donatur jangan mengatur,negative
knp semua harus berbentuk yayasan untuk menjadi mintra bgn?,negative
barisan pendukung anies dan ganjar dimari berkumpul. 😅,neutral
apakah ini suatu pelanggaran penyalahgunaan wewenang oleh presiden?? kemana kita harus melaporkan??,negative
"tepaat sekali mbg ini proyek prabowo ya , sependapat saya , itu memang lahan untuk korupsi orang tertentu itu aja .perlu dibubarin nbg .",negative
"bbc kan afiliasinya sonis si rewel, mana mungkin seneng indonesia maju",negative
"korupsi itu pasti ada, caranya pake proposal dengan akuntansi yang udah di fixed jumlah tertentu paling gampang ya di mark up, macam harga aslinya 50 ribu jadi 200 ribu. itu aja korupsi paling simpel, hukum aja lebih tajam ke orang biasa makanya lebih baik kita tidak macem2 ama yang diatas kasarnya gitu",negative
"puji tuhan,msh ada jurnalis yang berkualitas/jujur",positive
negeri seribu korupsi.... mana bisa maju .,negative
"proyek mbg ini sudah banyak melumpuhkan usaha² mikro kecil kantin² sekolah, banyak dari mereka yang jualannya mendadak menjadi sepi dan tidak laku karena mbg ini dipaksakan untuk makan diwaktu pagi , banyak jajanan dan makanan kantin tidak laku, karena anak² sudah kenyang. mereka sudah hampir bangkrut karena mbg ini, kasihan ekonomi bawah tidak berputar karena usaha kantin sekolah ini di monopoli secara halus oleh proyek mbg ini, banyak ribuan pedagang kecil yang terpukul karena mbg ini. dan ini berimbas kepada ekonomi di sekitar sekolah karena efek domino. karena kantin² tersebut tidak bisa belanja seperti biasanya, tidak lagi membeli ayam potong, sembako, frozen food dll, jelas mbg ini sangat berdampak buat ekonomi kelas bawah. semuanya di monopoli pengusaha bermodal besar.",negative
data yang di dpt harus disimpan.,neutral
"😂😂😂 yang kaya dan untung jelas orang2 yang dapat program usaha tersrbut,",negative
"sayang banget 70t? padahal cuma 11,2 t udah bisa tu 280 jt rakyat dapet kesehatan gratis",negative
kemeroh,neutral
simple nya mbg itu yang kaya makin kaya yang rendah makin rendah. dan rata rata fokus untuk pekerja nya yang di terima cuma keluarga atau dinasty. yang dapat proyek jugaaa rata rata yang punya relasi 😂😂😂 ekonomi maju???? nol besar??? gizi semakin baik??? mending bikin bekal dari rumah. dari pada mbg kenapa tidak mikir aja buat program yang berobat gratis atau pendidikan gratisss. kalo mau kasih makan gratiss mah hajar langsung ke jalanan orang orang yang bener bener butuh.,negative
kecewa punya pemimpin saat ini.. wis tidak bkal milih lg,negative
​ betul sekali berikan pada dapur yang tak mampu simpel dan tak bisa di koropsi,negative
abdi mah mendukung pisaaan atuh kang pram ....,negative
promosi bocor kentut😂😂😂,negative
"terlalu ribet sih mnrtku program makan gratis.blm tentu dimakan ma anak2 sd. ank sy aj kelas 3 mkn masih disuapin, udah gitu makannya lama bngt. habis dah waktu belajar buat makan.",negative
"saya pedagang nasi padang di tambun bekasi, merasakan efek mbg pembeli berkurang 50%",negative
ranking 99 menuju 100 😂😂😂,negative
vendor bawaan pejabat dan pejabatnya,negative
"mbg adalah proses proyek tersendiri, proyek pastilah ada sub to sub nge sub proyek yang notabene pasti lah nominal makan bergizi gratis akan menyusut dan menyusut sampai si penerima ( nasi porsi anak anak, lauk : ayam/telur, sayur satu takar dan buah pisang kecil/jeruk mandarin/salak ). om pram cs, tempo jangan saja investigasi kasus yang hasil nya pasti negatif tetapi lakukan juga inventarisasi ( pencegahan ) dan audit ( hasil/prestasi ).",positive
"kalian nikmatilah uang rakyat kelak diakhirat kalian dituntut dipadang masyar sma rakyat indonesia,sereeeem🤐🤐🤐🤐🤐🤐🔥🔥🔥🔥🔥🔥🔥",negative
"​​ betul tunda bayar pajak, tunda beli mobil baru, tunda beli motor baru, beli rokok yang murahan saja, jgn beli minuman alkohol yang mahal. uang pajak rakyat cuma dipakai untuk program rawan korupsi😊",negative
"semangat untuk tempo , jngn lelah berjuang , terus suarakan kebenaran dan kritik kpd penguasa , sudah ku duga mbg ladang korupsi",negative
makan yang tidak bermutu.... buang2 duit.. di lepehin.... mebding di setop aja udah... uos🤭🤭 nti ada yang nangis ya... 😂😂😂😂,negative
mau dibagi? 😂 dasar,negative
"tidak beda jauh ama pendahulunya judul ajah ""hilirisasi"" padahal kenyataannya cuman ngisi perut2 kawan dan sanak sodaranya",negative
sudah diprediksi dari awal jadi proyek kroni kroninya 😅😅,negative
papua ada mbg tidak ya??,negative
wowo pas pelantikan: anti koncoisme wowo pas jadi presiden: hidup koncoisme ,negative
"negara sprt ini kok mau sok sok an mau menghadapi perang dagang, tambah sprt ayam sayur , bukan macan asia, kl pidoato yang diandalkan kalimat “ hidup jokowi”",negative
"kalo kata saya, mending pemerintah bikin peraturan wajib membawa bekal dari rumah ke sekolah, wajib botram (makan bareng sambil berbagi lauk) antar siswa, atau seperti kata fery latuhihin, cuma yang dapat kupon saja yang dapat mbg. atau, mbgnya berwujud makanan kayak ransum tni, biar gampang distribusinya",positive
"tolong bocor halus (tempo) bahas dan kupas tuntas rekrutmen batch 3 yang terkesan tidak transparan dan tidak profesional , sehingga banyak peserta tes yang sangat kecewa dengan hasil yang tidak diumumkan secara terbuka seperti tes cpns atau tes p3k , tahu-tahu cuma menerima pengumuman lulus/tidak lulus saja tampa tahu nilai hasil tes nya terimakasih",neutral
mbg itu yang ngawasi masyarakat langsung uang 10 rb buat beli bahan makanan apa saja ...agak susah di korupsi karena bahan makanan semuanya orang pernah beli,negative
"program makan bergizi gratis ditujukan untuk 82,9 juta penerima manfaat guna memperbaiki gizi dan kualitas sdm, sekaligus menggerakkan umkm. yang penting, programnya berjalan dan diawasi dengan baik agar manfaatnya benar-benar dirasakan rakyat, bukan disalahgunakan oleh oknum.",positive
dukung full media sebagai satu - satunya media yang mengkawal jalannya pemerintah.🎉🙏😇,positive
"kita tidak benci indonesia, alam negri ini sangat cantik dan juga kaya. kita hanya butuh management lain",positive
semua program cuma omon omon saja...,negative
"mbg program bagus sayang eksekusinya tidak cerdas . harusnya dg dana besar yang diaejahterakan keluarga dulu. keluarga sejahtera, makanpun akan bergizi, nampaknya ada oknum yang mencari manfaat dari program mbg itu😮",negative
pemimpin... stres..... semakin pikun..... semakin ling lung....... semakin... sowak,negative
"ini udah ngga bocor alus lagi ya,,, mantab 😂",positive
"sebenarnya tidak masalah pendukung2 prabowo, dapat proyek2 strategis, masalah timbul, saat dikerjakan dgn setengah hati, dan hanya berfokus pada cuan !!",negative
​ pelanggan matamu,neutral
​ saya sih tidak iri sama para sarjana yang direkrut sppi. sudah layak menurut sy para sarjana s1 ini. yang tidak rela adalah para relawan mbg yang mau dijadiin p3k inii. apakabar para honorer di sekolah & puskesmas pelosok? yang sudah bertahun2 ngabdi.,negative
tidak bahaya kah,neutral
yang untung menjadi proyek yang meracuni anak bangsa ya masarakat ahirnya sengsara oleh naiknya sembako tambah sulitni rakyat jd miskin.,negative
proyek ... kkn 😅,negative
dana pip aja banyak dikorup apalagi dana mbg...,negative
makan gratis cuma boong😂 yang jelas beol gratis,negative
soros,neutral
bnyk boss pnyimpangan di level bawah lauknya bnyk basi dan ank2 pda bosen itu2 aja..ini jls ada prmainan,negative
"​ betul sekali,,, mbg pengembangan sayap militansi pendukung prabowo ditambah kdmp dan penerima bansos, itu modal suara yang sudah pasti terkondisikan. makanya bukan pendidikan gratis, tapi makin gratis, biar rakyat tambah bodoh dan gampang dibodohin😂😂😂",
"project mbg ini budgetnya 15.000/anak, tapi nyatanya disunat jadi tinggal 5000/anak. so, yang 10.000 mengalir ke para jendral teman2 prabowo dan orang2 gerindra, seperti yang dibilang rikang. bocor alus maju terus suarakan kekacauan dan kerakusan para kroni2 nya prabowo meraup duit triliun rupiah duit negara",negative
klo ada yang sangat suka dgn mbg berarti orang itu termasuk atau dapat bagian dari mbg..🎉🎉🎉🎉,negative
podcast sudah bagus pakai watermark untuk menghindari plagiat. saran nih.. ditambahkan time stamp untuk menghindari pemenggalan klip video yang menyesatkan.,neutral
tempo media terpercaya.. bongkar habis,neutral
sejak awal sudah bisa ditebak kalau mbg ini sangat-sangat amat rawan korupsi. tidak perlu jadi orang cerdas untuk tau proyek itu mudah dikorupsi.,negative
cuan2...,neutral
tempo sbg menyeimbang mas pram😊,neutral
kader partai busuk jelas yang diuntungkan,negative
"saya mengucapkan terima kasih sebanyak-banyaknya kepada semua podcast yang telah mengundang, menjadi nara sumber bapak dharma pongrekun untuk menyampaikan apa yang terjadi yang sesunguhnya, apa yang telah di sampaikan itu adalah mewakili perasaan dan apa yang sedang kami alami saat ini, semoga semua masyarakat indonesia semakin mengerti dan sadar, jangan cuma menghujat, mengolok-olok dan menghina, rakyat yang pintar akan memilih pemimpin yang pintar semangat berjuang guys kita pasti bisa 💪🇲🇨👍",positive
masing masing rezim kasih makan ternaknya dgn berbagai proyek.,negative
"stop mbg!!! ganti jadi pendidikan gratis!!! makan mulu dipikirin, otak tidak diupgrade!!! omooooon omoonnnnn",negative
pemberantasan korupsi ❌ peluang korupsi baru ✅,negative
ijazah donk,neutral
"yang saya rasakan, para ibu2 beli sayur mahal dan lebih parah lagi sayur di pasar pada hilang.",negative
"g bahas korupsi mbg ya, apa karna belum ketemu",neutral
"seharunya dirumuskan kembali, sistem politik terkait dana kampanye di indonesia. kalau tidak dana kampanye calon presiden/gubernur / bupati yang ditanggung tim kampanye akan dibayar melalui proyek2 negara. selama ini begitu, baik sekala nasional maupun daerah...😢",negative
awas diserang buzzerrp di komentar 😂,negative
"ini program yang nilainya fantastis. di konoha, program bagus, niat baik tidaklah cukup...tikusnya kebanyakan.semua dijadikan "" proyek "". dibuatkan sistem yang baik juga tidak bakal berhasil.",negative
indonesia tidak sesiap jepang dan negara2 maju yang menjalankan program free meal. korupsi terlalu mengerikan di negri ini.,negative
"walaupun program belum sempurna tapi manfaatnya beneran nyata, sistem bisa dievaluasi tapi jangan dimatikan",positive
"nambahin sedikit, mbg ngasih rasa aman ke ortu soal makan sehat di sekolah, enak banget",positive
"semakin besar anggaran semakin besar peluang pejabat ,anggota dewan memanfaatkan anggaran tsb .tdk sedikit anggota dewan di daerah yang punya dapur mbg atau nenyuplai bahan mbg dan tentunya peluang anggaran tsb di korupsi",negative
negara paling koruptor merajalela...jika anggaran triliyun..... pasti korupsi merajalela,negative
"dalam segi politik yang diuntungkan jokowi and gibran, makanya gibran lebih memilih mengekor dan tidak ikut cawe cawe . karena progam mbg ini bisa di pridiksi maju kena mundur kena.",negative
mereka blm dapat jatah. jika yang siap dan sanggup menjadi program siapa saja boleh. wartawan tempo mereka blm kebagian. 😂,neutral
😅😅😅😅😅,neutral
"program ini banyak di korupsi, elu malah bilang terimakasih.",negative
"kuncinya ada sama prabowo, semua program pragib bermasalah. indonesia bubar semakin mendekat....",negative
"mbg bagus aja memang menjaga agar tidak ada korupsi sangat penting. kritisi juga pssi ya, kan dananya juga luar biasa mending untuk makan masyarakat miskin",positive
"d sni tidak ad mbg ibu hamil, menyusui, dan balita... hnx anak sklh sja..",negative
oh ini tempe rempo yaa kritik itu membangun jangan memecah belah,negative
bukan terhebat…karena cuma nomor 2…😅😂😅😂😅😂😅,negative
"maap, apa yang diomongin bocor alus yang dulu2, sekarang tidak terbukti sama sekali. jadi obrolan ini juga sulit bua tf percaya.",negative
itulah indonesia,neutral
program nambah maling baru gratis 🤣🤣🤣🤣 program=proyek,negative
smoga para pemimpin negeri ini tahu sendiri butkan cuman dari laporan saja....😂😂😂,negative
"betul sih,dulu pernah ada yang sistemnya seperti kdmp,pas jaman suharto,namu gagal tidak berlanjut,",negative
ekonomi ancurrr,negative
mantap !! tempo ttp independent . penguasa mmg biasanya arogan. harus terus dikawal !! spy indonesia sehat !!,positive
"yang jelas mbg ini anggarannya adalah bahan dan barang habis pakai yang rawan dan gampang untuk mark up dan memainkan vomule belanja, apa lagi pihak 3 yang menyediakan bahan bisa di ajak kerja sama dipastikan ladang korup😂😂😂",negative
"program makan bergizi apa di jlnkan di seluru wilaya indonesia ataukah di daerah"" / wilaya"" tertentu ? klu memang merata di semua wilaya ko tidak terasa .. !!!",negative
"masih mending batam bang,sy 14 tahun kerja disana,skrng kerja dibandung lebih parah kerja 12 jam tanpa pembayaran lembur",negative
"di permukaan itu mbg, d bwh permukaan itu danantara wkwk",negative
maju terus kami medukung,positive
"ini yang aku suka dari masakan tempo, bikin enak dinikmati.",positive
guru kan sipilnya pemerintah.orang tua murid bisa ambil langsung uang kess dari sekolah. sudah uangkan saja laaa.,negative
"proyek makan bergizi gratis adalah ""disain"" proyek yang sukar di periksa bisa terjadi korupsi. karena barang yang dihasilkan sudah ada di dalam perut. bila kualitas di kurangi atau volume makanan dikurangi mana mungkin korek2 perut siswa atau eek siswa untuk memeriksa hasil pekerjaan proyek 😂😂😂. emang kpk mau investigasi eek siswa penerima mbg 😂😂😂😂",negative
bagi2 duit rakyat untuk dikorupsi....,negative
ekonomi mundur,negative
wkwkwkw....makan to makan gratis 😂😂,negative
"mnding uangnya aja,,,kan lumayan ngurangi anggaran👉🫵",negative
program mbg jangan sampai jadi proyek pemerataan korupsi.,negative
"prabowo pernah mengatakan """" selama 20 tahun tidak berkuasa asetnya mandek."""" apakah sekarang saatnya dia mengembalikan aset yang mandek.? tanyakan pada mobil yang bergoyang.",negative
ujung2nya jualan program dan dapat komisi...😂😂,negative
ngga heran,neutral
pantesan ngotot apapun yang terjadi mbg harus jalan terus. ternyata ada udang di balik bansos 🤭🤣🤣,negative
"anak² banyak yang tidak suka makan mbg. mending jajan di kantin sekolah. akhirnya mbg mubazir. kebuang². kami guru sering bawa pulang mbg. dibagikan ke tetangga yang membutuhkan ( bila makanannya masih layak). kalau tidak layak, ya buat makan ayam... mbg sangat tidak efektif. gaji karyawan mbg sama dengan asn. kami guru swasta yang sudah berjuang lebih dari 30 tahun, gaji masih di bawah umr. sangat miris.... tolong perhatikan kami, guru swasta , pak prabowo.... kebijakan yang sedikit lebih cerdas ya, pak.... 🙏",negative
tolong dibuatkan list penyandang dana dari bocor alus dan tempo group,neutral
maruk kekuasaan aji mumpung waktu belum berkuasa teriak teriak nya tidak habis habis. ingat ; di mana tanggung jawab mu. 2030 nkri bubar,negative
"ngeri..semakin kaya manusia itu semakin serakah dinegeri ini, tak adalagi perbedaan halal dan haram, ada kesempatan sikat.",negative
ah perasaan mu aja itu krna iri sm mbg😂,positive
mudah ditebak,neutral
semangat terus dan konsisten kerja2 bocor alus tempo dalam meningkatkan profesionalisme dalam menyampaikan jurnalnya dg harapan keperyaan masyarakat makin kuat. by : aktivis lsm-gemah kab. makalengka.,positive
maruk kekuasaan aji mumpung waktu belum berkuasa. teriak teriak nya tidak habis habis. ingat ; di mana tanggung jawab mu. 2030 nkri bubar,negative
soros,neutral
yang memaksakan proyek sengketa nasional itu sebenarnya siapa ya....? presidennya atau para pendengung-pendengung yang aji mumpung...... 🤔🤔🤔,negative
btul,neutral
"betul, pasar di tempat saya sepi banget, tapi kalo sekolah libur malah pasar rame",negative
"setelah proyek food estate sekarang proyek mbg, luar biasa bukan omon2 lg ini 😏",negative
setuju bunda,positive
"prabowo ini memalukan pendukungnya , malu booos saya .",negative
iya lah..emang rakus tuh kroni bowo..komut pertamina aja bisa loh dijabat orang yang tanggung jawab kematian kanjuruhan,negative
"proyek mbg, proyek tuk mberi pekerjaan wapres..",negative
"mantap tempo. langganan tahun ini saya perpanjang. selain informatif, tempo sukses bikin buzzerp, ternak dan majikannya kejet-kejet tertampar fakta yang selalu disangkal 😊",positive
up,neutral
kakek kakek disuruh jadi pemimpin ya begini. '. di berakin sama lingkarannya... pain in the ass,negative
tempo gasss tancaapp mantaap,positive
"diduga masing masing pendukung prabowo yang belum dapat jabatan, dan uang inilah mereka dikasih kerjaan buat yayasan makan bergizi gratis, biardapat cuan lah setuju namanya juga usaha jasanya dulu",negative
it’s official. i’ve subscribed tempo digital. yearly subscription! ini karena penasaran aliran keuntungan mbg ke mana aja. saya juga mendukung keberanian tempo untuk terus menyediakan jurnalisme berkualitas.,positive
bongkar terusss mantap timmmmm 😂😂😂😂😂😂❤,positive
di indonesia itu proyek pemerintah apapun ya akan dinikmati penguasa dan kroni kroni nya apapun itu proyeknya..jd udh tidak aneh ya bukan ini aja bisa dikatakan semua proyek ya begini...emang tidak ada yang bener di konoha sih...jd tidak perlu di framing ko semua penguasa sama aja siapapun pemimpinnya...maap maap kita sudah susah percaya dgn penguasa,negative
"ane bukan pendukung mulyono, tapi tidak penting bahas ijazah dia, tidak ada kepentingan publik yang diperjuangkan. mending bahas beginian yang kaitannya sama masyarakat luas.",neutral
kroni - kroni.,neutral
"manusia bisa bohongin manusia, amat sangat pasti nya tidak bisa menipu dan membohongi allah swt.",neutral
ntahlah kenapa tidak belajar dari proyek bansos covid yang dikorupsi kemarin. masih ada aja bantuan berupa non tunai.,negative
"makan bergizi belum bayar, rakyat di cekokkin dgn makanan haram,, kasihan pengolah makanan dgn usaha nya kandas belum di bayar emang penipu?jokowi aja kontraktor jalan tol belum dibayar sama dgn program prabowo gibran",negative
mesjid dkt daerah gue(jkt timur)udah 3 thn ini ngadain makan gratis (siang)tiap hari kec.minggu itu ngga pernah ribut dan terus berjalan itu jogokariyan masjid di jogja juga mkn gratis mrk jg udah lama dari dana masyarakat ngga riweuh... walaupun skala kecil tapi dana yang berputar juga besar lhoo,positive
tempe kali…,neutral
ooh terjawab akhirnya knp sekolah bi bogor yang termasuk sekolah elite di bgor. dpet mbg di kloter pertama sejak januari sampe skrg. 😢,negative
pastilah.....yg bangun dapur umumnya kontraktor besar....,negative
"dari awal saya sudah yakin ini hanya akan jd bancakan proyek dan saya yakin kolusi, korupsi dan nepotismenya ada di program/proyek ini.",negative
"itu narasumber,...koar-koar jangan2x gegara tidak kebagian kue mbg kali yha, he he he",neutral
"program mbg untuk masa depan anak anak kok diproyekkan, entar sampai di sekolah tinggal tulangnya aja,",negative
"saya mahasiswa, lagi riset pasar sayur2ar, jelas, yang diuntungkan dari mbg itu : 1. org2 yang bergerak di sektor agraris dan bahan baku makanan (nelayan, peternak, petani), harga sayur stabil, daya serap bahan baku makanan nya tinggi sekali, fluktuasi harga tidak separah sebelum mbg dulu. sangat membantu rakyat kecil dan umkm. bahkan sangat berpotensi mengembangkan ekonomi indonesia sektor agraris 2. anak2 sekolahan, yang tadinya malas2an ke sekolah, sekarang jadi rajin, keenakan malah, di sekolah dikasih makan. enggak perlu bawa bekal, enggak perlu jajan, enggak ada jajanan micin, gizi udah diatur, enak amat... 3. pengelola dapur mbg nya, dan pengurus2 nya, enggak mungkin kan kerja enggak digajih, pembentukan lapangan kerja baru. jadi mbg itu sangat dasyat dampak positifnya, dan pengusungnya pasti orang genius",positive
majalah tempe,neutral
"sabar ya, bang b4b1 b4b1 mulyono mulai berkeliaran disini 😂😂",negative
"mangkanya rezim sekarang ngotot untuk makanan geratis ,rupanya ladang bancakan kalau memang mau membantu yang kurang gizi seharusnya di bagi secara langsung bukan pukul semua rata tapi di koropsi bisa gendut anggaranya",negative
seumur saya cinta yotuub baru x ini saya subcribe cenel tempo ..sekarang tayangan tempo ..lagi lurus😂😂😂😂😂,positive
proyek mbg hanyalah topeng untuk sarana prasarana di 2029 nanti mbg juga menjadi lumbung korupsi para pejabat biadab,negative
kangen cica ❤❤❤,neutral
"susu full cream pun lamgka di pasaran,diborong dalam partai besar untuk mbg",negative
"di kota banjar anggota dewan gerindra buka dapur juga, ketua partai demokrat banjar koalisinya juga bikin dapur.... ketua grib banjar juga bikin dapur",negative
itu belum yang dikorupsi pembelian sayur dan kebutuhan pokok dari ambil keuntungan masing² item dikasih yang dimasak sayur² tidak fresh.,negative
semakin besar korupsi mbg orang murid pada pulang kampung belajar tidak full.. omon omon kan sudah terang benderang tidak bisa di kritik.. contoh saja di hadapan publik mengatakan.. tolong kumpulkan video video yang menghina mbg biar saya tonton tiap malam.. presiden macam apa ini.. di sisi lain mengatakan silahkan di kritik.. nyata nya marah uuueee..,negative
awet sejak dijajah belanda broo 👊👊,neutral
maju tak gentar membela yang benar. good job tempo,positive
itu omongannya sri muyani yang bilang ekoomi akan berjalan karena mbg ini..,positive
yang jelas yang dapat untung dia yang punya modal. .,negative
"10rb jadi 8rb itu masih normal, kan perlu beli produksi bayar karyawan",positive
untuk apa gunanya yayasan kenapa nga bgn aja langsung menunjuk para pengusaha kecil umkn yang ada didaerah dgn porsi masing2 500 siswa.,negative
"mana bantahan dari meraka yang terlibat ??? , klu ini benar tim bocor alus top banget... harus dihentikan",negative
hapus mbg . ganti dengan uang,negative
selamat datang di : -negeri jutaan koruptor -liga korupsi nasional -,negative
prabowo tidak pantas jadi presiden ri lah,negative
mending gaji ibu² lah,neutral
saya kira infrastruktur di negara wakuwaku yang krg bagus & berantakan karena tidak ada anggaran. tapi ternyata buat ini ada,negative
"tujuannya dari mbg dan kdmp hanya 1 yaitu menjadi presiden 2 periode, untuk bisa mencapai itu maka akar rumput perlu dipelihara dan diberi pupuk selama periode 5 tahun kedepan berbasis dana desa dan dapur mbg, konsepnya desa wajib mendukung 72 bulan pinjaman berbunga melalui kdmp yang berdampak pada tersendatnya pembangunan strategis desa, terpangkasnya honor kader-kader desa, menurunnya pendapatan pedagang kecil yang berpotensi meningkatkan pengangguran, sementara mbg wajib menyediakan dapur gizi yang berpotensi memberi keuntungan bagi pengusaha dan berdampak pada menurunkan pendapatan pedagang jajanan keliling, pedagang makanan industri rumahan, yang justru meningkatkan kekurangan gizi bagi keluarga kecil yang hanya bergantung pada dagangan keliling dan industri rumahan... kesimpulannya adalah menciptakan lapangan kerja untuk meningkatkan pengangguran demi menjadi presiden 2 periode, sungguh penjajahan oleh bangsa sendiri itu lebih menyakitkan",negative
proyek ini ditetapkan msh dimasa jkw berkuasa,negative
turunkan presiden prabowo/rubah program mbg menjadi tf anggaran langsung ke yang mendapatkannya setiap 1 bulan pencairan,negative
tempo selalu masak bagus,positive
semoga allah memberikan keamanan bagi tim tempo,positive
memang benar s3kali m3nurut info yang kami dpt program mbg adalah proyek yang di kuasai oleh kroni kroninya.keluarga .pengurus partai serta para tmsukses dan setiap siswa fi buat prabowo rp 500,negative
buat teman yang belum subrek cepat subrek ogah,neutral
daerah2 makin susah krnh program mbg peras uang2 dari daerah2...huh parah,negative
mumajir tidak bakalan dimkn..... buka puasa banyak mkn yang enak bikinan ibu ya masing2.......,negative
"wowo & kroninya nikmati anggaran proyek mbg, hancur apbn 😂",negative
priska?,neutral
gerinda berkuasa bagi2 kue,negative
semangat tempo 🎉🎉,positive
"menurutku wajar , karena jika dikelola oleh oposisi bisa jadi di sabotase😡",negative
beh ...,neutral
"akibat memiliki pemimpin yang giveaway sudah terlalu uzur, pikun, .....sehingga mudah dikendalikan oleh kroni-kroni laknatullah",negative
mantap wartawan tempo sehat sehat semua y,positive
syalom maaf. kalau komen sta tak brapa bagus mengenai proyek makan. gratis apa ka tidak. repot dan apakah bisa kalau. sekola. gratis kulia. gratis jadi perintah. hanya bayar sekolah jadi tidak repot la dapur dapur lebih. baik. sekola. gratis tidak repot. lagi masak jadi uang sekola. orang tua masing masing. belikan. makan an. bergizi.,negative
jgn ada pajak bener gtu om lebih baik,negative
para tikus bin koruptor yang di untungkan rakyat yang keracunan,negative
"ditempat daerah saya , saya belum mendengar dimana ada mbg.... tapi disekolah anak saya malah tiap senin awal bulan bawa bekal dari rumah... hahahahaha....",negative
kan gibran bilang binatangnya digemukin ..... binatng binatng piaraannya mulyono .. kemren pd muncul di solo waktu lebran,negative
semoga tempo ini panjang umur bersama para stafnya....amiinnm....,positive
😂😂😂😂 tidak usah aneh mbg bisnis gaib,negative
"maaf iya…., gerindra mmg rakus……jangankan juragannya jadi presiden….. jadi menteri saja sdh jadi garong",negative
gibran dan jokowi pun dg diam2 mengumpulkan data untuk menyandera sang gemoy dkk di masa depan.😂😂😂,negative
hati2 demi gibran presiden.....,negative
alokasi infrastrustur terhambat demi mbg yang dampakny tidak maksimal,negative
dih,neutral
wowo2.....mbg.....mubazir....,negative
potong rambut gondrongnya om... takut dikira maak lampir,negative
sdh ketebak dari semenjak proyek mbg ini sdh berbau nepotisme..... parah pokoknya..,negative
presiden prabowo bilang keracunan masal mbg jangan dipolitisasi padahal ini program janji politinya prabowo kalau banyak pendukungnya atau timsesnya di bgn atau sppg udah pasti kan dalam politik tak ada makan siang gratis sebuah janji kampanye yang harus diberikan jabatan ketika terpilih jadi presiden,negative
"hayo anak muda "" buatlah skema visi besar "", jangan hanya misi misi yang tehnikal, apalagi yang di politisasi",positive
pidato berapi api kinerja nol besar...omon om....on.,negative
❤,neutral
"​​ .m-mg8mo mbg, program bikin eek😅😅😅sarang korupsi",negative
"sudah diduga, program-program nya, hanya buat bancaan sebagai balas budi ke penjilat nya, duit rakyat dirampok buat kepentingan nya untuk berkuasa..",negative
😂😂😂😂 tidak jelas jeluntrunge probolinggo kab kota kapan dimulai makan bergizi pakai uang rakyat ?,negative
inilah kelompok pemenang maka ugm suka meski soal izasah asli.,neutral
"kalian ini pada nyinyir goblok otak dangkal, ini program jangka panjang untuk masa depan anak2 ri yang kurang pasti juga d perbaiki, cnn ini asal bacot aja",positive
mbh adalah ladang bisnis bagi mereka2 yang berduwit. bagi pedagang keliling mbh adalah neraka,negative
"kami sbg penjaga sekolah punya kantwn sekolah, jadi gulung tikar setelah ada mbg",negative
bentar lagi hilang/di takedown tidak sih ni video ???? ngeri salut sama keberanian tempo,positive
ayoo! jurnalis bocor aluuss tempo! masak yang enaakk! goreng ampe mateng tuh berita2 yang membuka mata rakyat! apa yang terjadi dng pemerintahan ini!! 👍👍,positive
mbg jalan di tempat lom siap uda maksain..dasarrrr. yang kerja juga timses tingkat kelurahan..ga adil sppg .bgn diangkat asn ...duhhhadehhh..wowo ...wooi😂😂😂,negative
mbg banyak membunuh pelaku ekonomi kecil yang jumlahnya jutaan karena jualanya ndak laku yang biada jualanya di dekat sekolah aduuh kasihan ya rakyat kita,negative
"'kabar bahagia dari luar negri' yang sdh puluhan tshun melaksanakan free meal. kabar sedihnya, sekolah macam al izhar & muhamadiyah 'dipaksa' ikut program ini, pdhl makan siang sdh dilaksanakan sekolah2 itu",negative
"berfikir positif saja, presiden pasti punya rencana baik untuk rakyatnya. semua program diawal pasti ada persoalan, kita sebagai masyarakat mendukung & mengawasi agar program berjalan dg baik.",positive
"mbg=mitra bancakan gemoy,,,nih proyek buat cariin duit buat timses gemoy 😂😂😂",negative
sudah diduga yang makin bergizi ya rek para hulu balang.,negative
dimana beritanya bang?,neutral
apakah tempo di di danai asing jangan menjadi penghianat bangsa,negative
"saya mahasiswa di korsel, bahagia sekali dg program sarapan subsidi (seharga 1000krw setara 12k idr) bagi mahasiswa. sistem pendanaannya 1000 won dari mahasiswa, 2000 won subsidi oleh pemerintah, sisanya oleh kampus. dibentuk badan khusus (ombudsman sarapan 1000 won) yang berlaku sebagai pengawas utama program ini. jadi ada lembaga masyarakat khusus yang mengawas alih2 sistem sentralis seperti bgn di indonesia. sebenarnya program ini muncul untuk meningkatkan konsumsi beras di korea yang mulai menurun di kalangan muda karena perubahan budaya kuliner agar ada pasar tetap bagi pertanian gabah korea. tapi fokusnya mulai berubah menjadi penyediaan makanan murah bagi mahasiswa dg budget biaya hidup yang keciilmakanya yang dahulu harga 2000won dipotong lagi menjadi 1000 won mulai 2023 yang selisih itu dibiayai oleh pemerintah kota/daerah. di kampus saya ditunjuk tender untuk program ini sekaligus sebagai kantin umum. sistemnya pukul 8-9.30 pagi sarapan 1000 won, dan seterusnya untuk kantin biasa dengan harga 7000 won yang tentunya memiliki menu yang berbeda. menunya setiap hari berbeda, umumnya 2 jenis nasi (nasi hitam&putih), 1 menu protein (babi/ayam/daging proses), cabbage kimchi, 1 menu sayur segar, salad lettuce, dan sup hangat dengan sistem makan all you can eat dapur sangat higenis (standar dapur korea memang tinggi) dan dapur harus lolos haccp dengan sertifikat yang selalu diperbarui",positive
"tidak masuk logika mbg,mending cetak sawah, bendungan jembatan,dan energi listrik ,yakin masarakat pasti maju.kadi makan amburadul,habis makan terus di berakin .70 triliun kl bangun listrik di daerah dengan sistim subsidi pasti maju indonesiaku ini",negative
"kalau uang mbg dibagi rata semua ke penduduk indonesia, masing2 dapat 1.100.000 setahun, kalau dikasih ke orang miskin saja, bisa 10 kali lipatnya.",negative
biar tetap jalan koripsinya,negative
kroni george soros siapa hayoh,neutral
mantap bosssss😂😂😂😂😂,positive
tidak usah berharap bnyak sama rezim ini..,negative
tunggu masuk forbes ya 😂,neutral
"ini namanya bukan membuka lapangan kerja. ini pesta bagi2 duit rakyat untuk penguasa. gizinya? alah, lebih bergizi dan higienis masakan rumah sendiri.",negative
wadioooooo,neutral
mending zaman jokowi,negative
"tolong kasihani orang kantin, mereka udah main santet2an, eh datang mbg lagi.",negative
bocor halus please bahas ijazah jokowi.,neutral
"sedang cari data,",neutral
"hallo admin,,,,,tolong di telusuri gimana kelanjutan korupsi pertamina,,,,,apakah hanya berita viral saja ????kenapa beritanya hilang di telan bumi?????",neutral
mbg sangat bermanfaat di desa kami,positive
kemungkinan ini jelas² proyek karena sekian besar dana mbg tapi peruntukannya unt makan gratis sangat kecil,negative
"mbg tidak ngaruh ke perbaikan rakyat kecil malah bikin masalah ke rakyat kecil udah penuhi kebutuhan sembako murah,lapangan kerja ada, sekolah gratis,berobat gratis",negative
kalo partai yang berkuasa itu partai banteng. apakah tempodotco dan bocorhalus akan tetap mengkritik pemerintah?😂,neutral
tempo ! enak didengar dan lucu 😂 ❤❤❤🎉,positive
sini mbg udah tutup langsung dikasih uang👍👍👍👍👍👍,negative
"jelas lah ,orang parpol dan pendukung baru du subcont ke yayasan ,baru ke pelasana cathering ,ujung2nya pelaksana cathring kebagian sedikit,low budget ,akibatnya makanannya kurang kualitasnya",negative
"benar.....merusak pasar...mematikan kantin sekolah,pedagang kecil jajanan di depan sekolah,pedagang2 sayur dll...semua pada bangkrut...padahal itulah sumber penghasilan mereka yang adalah rakyat kecil....yg untung pengusaha besar...jadi ada benarnya bhw ini konsolidasi politik terutama untuk pemilu selanjutnya...mohon di luruskan....ktnya negara melindungi rakyat kecil..tp prakteknya nihil .....mereka termarginalkan total....jadi tolonglah...tolong mereka ...!!!!!!",negative
harga telur meningkat sejak ada mbg ini,negative
omon-omon makan tidak banyak gizinya gratis,negative
"voters 02 harus bertanggung jawab. jangan malah diem2 bae dan lempar tanggung jawab. saatnya bersuara, kl perlu turun ke jalan sblm negeri ini bener2 bubar.",negative
"mari bijak dalam memposting konten di media sosial, karena setiap unggahan dapat berdampak pada opini publik dan memengaruhi stabilitas sosial.",positive
jurnalis micin propokator,negative
negara ini sudah benar2 tidak tertolong 😂,negative
heran...dipaksakan banget jelas2 kurang efektif..🙄,negative
​ lha...ini yang fitnah muncul...,negative
"bgtu lachh kemarin kan koroni2 jokowi, skrg kroni2 probowo",negative
lebih setahun mbg akhirnya terbukti... opini tempo ini benar sejuta persen!!!!!,negative
"kayaknya boleh tuh sebagai alternatif ""main apa kita hari ini?"" jadi ""masak apa kita hari ini? """,neutral
"di kalteng juga, terutama di kota palangka raya, juga orang partai gerindra juga",negative
artinya beda2 tipis dg regim sebelumnya ya?? gimana mau maju nkri klo semua ujung2nya proyek bukan program...haaaddeeuhh..🙏🙏,negative
korupsi mbg subuuuuur!!!!!😡😡😡😡😡,negative
pemerintah hancor,negative
mbg merupakan program politis yang sangat cerdas untuk mengikat calon pemilih pemilu di tahun 2029 yang kedepan akan jadi pemilih pemula yang rata2 pelajar,negative
emang iyaaaa .... 😂,neutral
"di negara ini itu ada pepatah"" dimana ada proyek disitulah pasti ada korupsi 😂",negative
mbg proyek untuk pendukung prabowo gibran... uang ratusan trilyun rupiah di bagi bagi ke mereka2 juga.. terima kasih tempo👍🙏,negative
kurang evektif.,negative
kemarin ada paslon yang mau fokus ke pendidikan malah tidak kepilih 😅,neutral
"kami yang biasanya dagang di sekolahan, umkm, menangis mau mengadu sama siapa y 😇",negative
"bahasa sarkas, tapi sedihhh dengernya 🥺",negative
"klo saya di indo mah,pgn bget langganan majalah tempo",neutral
"mbg tak akan meningkatkan konsumsi bahan makanan karena tanpa mbgpun anak2 indonesia tetap makan. mbg hanya memindahkan rejeki banyak orang spt penjual cilok, cimol, cireng dan semcamnya serta pengelola kantin sekolah yang jumlahnya banyak sekali berpindah ke pengelola dapur sppg dan karyawannya yang jumlahnya jauh lebih sedikit. mbg menciptakan sedikit lowongan kerja dan menimbulkan banyak pengangguran baru. selama ini kita dicekoki logika sesat prabowo",negative
​ untung nya segunung 😂😂😂,neutral
studio bocor alus yang baru lebih cozy sih,neutral
alhamdulilah uang saku anak utuh😂😂😂,positive
salah pilih presiden sepertinya😂😂😂😂...kroni cendana kok dipilih ya hancur sudah 😂😂😂,negative
ada udang di balik proyek,negative
studio nya lebih enak yang kemarin2 terlihat natural dengan karyawan yang bolak balik kesana kemari...tapi tidak penting lah yang penting kan berita yang disampaikan 😁,positive
hasil masakan tempo selalu pakai bumbu penyedap dlm jumlah banyak. mungkin takut dagangannya tidak laku kalah bersaing dg masakan sebelah yang non msg.,neutral
"berapa lama lagi, tuhan, aku berteriak, tetapi tidak kaudengar, aku berseru kepada-mu: ""untuk ""membukakan hati oknum bareskrim polri & oknum jpu kejaksaan agung yang telah berlaku zalim"" terhadap korban kerugian uang perkara robot trading net 89, agar mereka dapat ""merasakan iba dan belas kasihan"" terhadap korban kerugian yang telah menderita (secara ekonomi, sosial, kesehatan dan psikologis) telah 3 tahun . restorative justice adalah solusinya buat korban net89. kami minta aset dan uang yang ditahan pihak penyidik dan jaksa yang berkeras p21, segera dikembalikan . itu hak kami uang kami. tanganmu yang teracung tuhan ,bekerja dengan kuasa dan mukjizatmu. mengapa engkau memperlihatkan kepadaku kejahatan, sehingga aku memandang kelaliman? ya, aniaya dan kekerasan ada di depan mataku; perbantahan dan pertikaian terjadi. itulah sebabnya hukum kehilangan kekuatannya dan tidak pernah muncul keadilan, sebab orang fasik mengepung orang benar; itulah sebabnya keadilan muncul terbalik. mata-mu terlalu suci untuk melihat kejahatan dan engkau tidak dapat memandang kelaliman. mengapa engkau memandangi orang-orang yang berbuat khianat itu dan engkau berdiam diri, apabila orang fasik menelan orang yang lebih benar dari dia? bukankah engkau, ya tuhan, dari dahulu allahku, yang mahakudus? engkau allah yang adil dan bertindak menolong kami. terpuji lah tuhan amen amen amen",neutral
"saya rakyat biasa, netral, saya tidak serta merta mempercayai ini, boleh tidak, pimpinan bgn juga di panggil ke podcast ini, supaya bisa melihat dari 2 sisi juga, jadi bingung kalau gini, sebetulnya mbg ini sangat bermanfaat untuk anak2 yang tidak mendapat uang saku di sekolah😢",negative
"para pejabat tidak percaya hari akhir , ingat ada hisab",negative
majalah tempo versi cetak dimana mendapatkan nya ya?,negative
maksa beneerr mbg ttp jalan slm ramdhan,negative
bisa tidak si jadi presiden.,negative
lebih baik buzzer dibandingkan jadi “antek”/“kacung”/herder kepentingan asing!! herder asing membuat bangsa ini selalu dijajah! penghianat2 ini akan membuat bangsa ini bangkrut!!,negative
malah parah ekonomi parah total mati kutu para pedagang kecil kita,negative
mkn gratis tidak cukup buat meringankan beban org tua 👃,negative
"semenjak awal mbg sdh diperkirakan menjadi lahan bancakan tindak korupsi yang memakai nama program untuk rakyat, mbg bukan menyangkut makan bergizi tapi menyangkut cuan yang begitu besar jadi masalah keracuan yang terjadi bagi mereka adalah egp dan yang penting gue happy !!!",negative
"di mana ada kebijakan pemerintah, disitu ada celah bagi para koruptor.",negative
betul,neutral
hidup tempo,positive
ya siapa lagi yang makan duit program makan gratis kalau hukan kroni2 prabowo. makanya mati2an prabowo mempertahankan program ini hrs jalan walaupun hatus mengebiri alokasi anggaran untuk lembaga2 lain. biar kroni bisa gemuk dan tidur pulas tidak ngrecokin oresiden.,negative
"mbg bukan solusi, bukan jawaban dan bukan cara untuk mensejahterakan masyarakat, walaupun ada yang diuntungkan, akan tetapi hanya dirasakan oleh segelintir orang. mbg bukan dan tidak masuk aspiratif, keinginan masyarakat....untuk keluar dari persoalan. jika benar pemerintah peduli terhadap kesejahteraan masyarakat. laknakan tufoksi sebagai pejabat dengan baik dan jujur. tegakkan hukum dengan benar. fokus kepada pendidikan, kesehatan dan penyediaan bahan baku kebutuhan pokok murah dan mudah didapat.",negative
"memberikan kepercayaan mengelola sesuatu karena dekat? ya itu bisa berlaku seandainya bangun rumah, untuk urusan pribadi bisa. tapi kalau sudah kaitan dgn keuangan negara, tidak berlaku seperti itu.",negative
kata penikmat itu kalau udah ada duitnya. kalau blm dibayar ampe megap2 dan tutup apa yang dinikmati,negative
"coba tempo investigasi ke daerah (batam) banyak buruh yang tidak mendapatkan hak""nya sesuai dengan uu dan sudah berlangsung sejak reformasi",negative
kalo gitu ngga usah ada program atau pembangunan aja supaya ngga ada korupsi. semua program dan pembangunan pasti ada peluang buat dikorupsi. kasih saranlah supaya korupsi bisa ilang.,negative
bocorin juga soal ijasah palsu jokowi dong,neutral
"sabar ya, bang b4b1 b4b1 mulyono mulai berkeliaran disini 😂😂",negative
"proyek penghuni bazer "" rp",negative
"ada penyedia mbg yang blm dibayar sebesar 1 m, ada jg mbg yang sdh deal 1 pak seharga 15 rb dipotong yayasan dll tinggal 10,5 rb/pak. lama2 menu protein telur terus dan tempe/tahu. tetap potongan2 preman sll ada...uunya sampai ke murid tinggal 70%",negative
"menyesuaikan guru prabowo, yaitu mulyono/jokowi. prabowo gembar gembor brantas korupsi, teryanta orang2 pendukungnya nepotisme, korupsi",negative
yayasan yang dapat proyek punya para pejabat 🤣. pekerjanya sodara sendiri 😂😂😂,negative
pikirkan sendiri ad mbg untungmu ap rugimu apa?,negative
menurut saya uangnya kasih orang tua saja menunya ditentukan sekolah lebih bagus,negative
dan kurikulum pelajaran nya juga di perbaiki di benahi,neutral
saya cuma daptar doang mbg nya tidak jadi jadi mana persyaratannya harus buat npwp keluar uang dulu 🫠🙃,neutral
sudah kuduga kalo program mbg dinikmati oleh orang2 pendukung prabowo / ordal dn tetdekat,negative
ouu ternyata begini y bukan mbg tapi makan duit geratissss hancur negara ini,negative
sebaiknya prabowo jangan bangga dgn mbg sebab mbg ini bukan program tapi proyek serta proyek ini sdh membuat anak anak trauma bagaimana masa depan anak janganlah hanya memikirkan.rekening sendiri lalu ortu dan anak jadi korban mau tanya ni prabowo otak manusia atau otak hewan kami sdh tahu proyek ini hanya di nikamati oleh pengurus partai serta para tim.sukses ini fakta tapi kalau prabowo otak manusia maka mbg di hentikan tapai kalau di lanjutkan maka otaknya prabowo seperti kerbau,negative
"sejak awal proyek mbg ini rentan korupsi,krena tidak jelas sasaran,prosedur & infrastrukurnya. bahkan sudh bnyak vendor pelaksanaan yang jdi mitra,brhenti krena bngkrut msalah pmbayaran. menu mbg pun sangat miris,krena sperti menu paket hemat warteg 😂",negative
"fakta dan nyata banget bbc news indonesia, saya pedagang di pasar sangat merasakan banget pengaruhnya karena mbg",negative
karena ada nya perogram mbg sangat merusak ekonomi rakyat yang senang adalah elit elit yang menjadi bandar dapur mbg itu saja,negative
"bgn mengambil lahan pekerjaan kantin2 sekolah, rakyat kecil dan wong cilik ngaplo",negative
mbg gratis dari mananya.mau aja dibohongin,negative
dikomplex saya hansip2 belum dapat makan gratis ..itu kan janji sebelum pemilu,negative
"hello tempo! been enjoying your subscription. boleh ada saran? might be better kalo bisa ada offline or downloaded version. tidak usah pdf, tapi diliat offline via tempo app kaya google playbooks atau webtoon. just a thought as a user karena i read with e-reader. thank you tempo!",positive
ini hanya politik kekuasaan aja,negative
"media antek asing koar2...,rakyat udh tidak buta boss....,lama2 tempe tidak laku 😂",negative
rafi ahmad?,neutral
tidak bahaya ta?,neutral
yang untung dari mbg : 1. cukong pemlilik dapur telur sayuran buah buahan sembako dllnya 2. calo cukong dapur telur sayuran buah buahan sembako dll 3. penghubung ijin sppg 4. oknum keparat,negative
media lambe turah media nyinyir 😏,negative
"👍👍,,,",neutral
dana suegerrrrrr rekk,neutral
yang bisa masuk kerja di mbg pasti senang mendukung sekali,positive
hehehehe...udah taulah gemana prabowo. ya pasti itu sekitaran dia aja yang nikmatin.,negative
fakta dilapangan merugikan pedagang kecil di sekitar sekolah pejabat tidak mungkin memikirkan hal itu,negative
bismillah... jayalah tempo prabu -> prabowo bisnis unit 08.....? yang sepaham mana jempolnya.,neutral
saya sedih melihat banyaknya kejadian di negeri ini yang hanya memperkaya siapa yang jadi pejabat. mestinya pejbat adalah qbdi tang sudah selesai dengan dirinya sendiri sehingga bisa mengemban amanah mensejahterakan rakyatnya.politik akhirnya jadi ajang memperebutkan kekayaan negara untuk kepentingan pribadi bukan kepentingan rakyat. masih perlukah adanya pemilu kalau begini hasilnya. perlu kita renungkan.,negative
itulah negeri ku...😂😢😢,negative
"bukan tidak diundang kayaknya, tapi menolak diundang.....",neutral
ini memang harus diakui suatu program yang tidak mungkin harus dilanjutkan..... karena... luasnya daerah dan banyaknya pelajar yang akan diberikan makan mbg... dengan modal dapur yang mahal dan perlengkapan yang serba mahal sehingga para pengusaha dapur mbg susah untuk mencapai. break even point... sehingga mereka harus mengambil proyek ini dalam jumlah yang besar namun keterbatasan sumber daya manusia dan sempitnya waktu untuk memproses makanan serta mendistribusikannya ini adalah hal yang sangat sulit sebaiknya sebaiknya memang dicairkan saja dananya kepada kantin sekolah yang dibangun dengan biaya yang lebih sedikit sehingga dengan demikian lebih efisien....,negative
"prabowo itu ngapain repot repot ngurusi makanan bergizi anaknya orang, sungguh langkah bodoh. mana ada orang tua yang tidak memperhatikan makanan bergizi buat anak anaknya ??? semelarat melaratnya orang tua, masalah makan buat anak akan dinomor satukan..... dari pada prabowo menggelontorkan 72 t buat makanan bergizi, yang jelas didepan mata banyak rampoknya.... mending diciptakan lapangan kerja dengan gaji yang layak, agar seorang bapak bisa memberi makan bergizi pada anaknya....",negative
"proyek mbg yang di kelola pemerintahan sja bs amburadul gmn sih?, punya duit gc sih atau cm omon2 pemerintahan prabowo ini?,",negative
program ampas,negative
emg udah kecium sejak awal ko.,negative
👍👍👍👍👍👍👍👍👍👍,positive
"salut buat bocor halus, tetap maju walaupun ada gangguan dimana mana, tidak heranlah dinegara konoha tidak ada proyek yang tidak dikorupsi jika proyek makan gratis bergizi ini benar2 ada korupsinya sangat2 disayangkan.",negative
tempo 🤡🤡🤡💩💩💩,negative
yang diuntungkan oleh mbg adalah seluruh rezim dilingkaran istana,negative
jelas aja nanik deyang membantah sebab dia salah satu tim ses prabowo yang diduga kuat mendapat keuntungan bagi-bagi kue itu.,negative
"mbg ini bisa jadi ladang korupsi besar2 an yang susah di bongkar.karena berbentuk makanan.bukan infrastruktur.misal ada komplen ttg menu masakan yang di rasa kurang dari harga, mereka bisa buru2 klarifikasi dgn alasan harga sayur atau ikan dll naik,besok mrk lgsg buat menu yang agak mahal dikit,jd di masyarakat kesannya bagus, padahal besok nya mrk ttp ngurangin harga ,trus lama2 masyarakat bosan,shg menerima aja menu yang ada",negative
mbg itu emang tujuan mulia dari pak prabowo tapi itu kenyataannya dilapangan dan realitanya dibawah makan bukan gratis kalau mau handle atau jadi mitra dapur.,negative
"mantap.... bancakan pejabat lagi buat rakyat .... nonton aja yaaa, sambil sibuk mikirin buat cari biaya hidup",negative
yang untung oknum,negative
mumpung lagi tour di indonesia.undang bang pandji lagi dong,neutral
media amerika 😂😂,neutral
program thai nasional,neutral
"saya sudah paham betul akal-akalan pemilik sppg. pesan tempe 400 biji, harga asli di pedagang 5.000 rupiah. tapi ke pedagangnya dipesan begini: “di nota tulis 7.000 ya, pak.” wadduuh… satu biji tempe langsung “naik pangkat” 2.000. tinggal dikalikan 400 bij, hasilnya 800.000 rupiah—dari tempe saja. itu baru tempe. belum telur, belum beras, belum sayur, belum lauk lainnya. kalau dari satu item kecil saja sudah segitu, bisa dibayangkan dari seluruh belanja harian. sehari berapa puluh juta yang “menguap” jadi keuntungan? katanya program untuk rakyat, katanya demi gizi, katanya demi masa depan. tapi di balik nota yang dimanipulasi, justru perut yang paling kenyang bukan perut anak-anak—melainkan perut para pengelola yang lihai bermain angka.",negative
proyek mbg (makan beracun gratis),negative
satu kata mantap,positive
ogah,neutral
"tidak ada mbg tu disini, kecuali pemberian mknn 1000 hpk atau gikur gibur. kalo ada tagihannya berarti lpjny fiktif. klopun ada yang kerjakan, itu lawan politik bpk prabowo, tidak pernah memilih bpk prabowo mjd presiden,, pendukung pak prabowo cm jd penonton di daerah pemenangan pdip😂",negative
"ladang korupsi,mbg",negative
"mbg ternyata proyek berkegendutan (gemoy). di lapangan, banyak ormas mini dan orang² yang punya kedekatan dengan pemerintah rebutan data siswa di lembaga sekolah, bahkan ada salah satu oknum pegiat pencari cuan mengancam pihak sekolah ""akan distop bosnya"" jika enggan memberikan data sisiwanya. sekali lagi saya katakan 90,98 % mbg itu proyek gembok ! mbg juga ada kaitannya dengan bunyi mulut prabowo yang meminta mendag dan mentri satunya agar menghapus kuota impor. nah, kalau 1 dapur harus menghabiskan 300 kg beras /hari, maka berapa ton yang dibutuhkan dalam 1 bulan ? buka akal sehatmu moy...!",negative
"beberapa pengusaha katering rugi dan bangkrut ,gaji belum dibayar. presiden jangan sibuk omon omong,",negative
"siapapun presidennya, siapapun gubernurnya, siapapun penguasanya, tempo tetap akan memasak 👍",positive
"wajar mereka dapat karena mereka tim sukses..., seadanya yang lain menang ??,ngak mungkin mereka yang dapat",negative
"program makan bergizi gratis (mbg) hadir dengan sebuah janji yang megah: mengisi perut anak-anak sekolah dengan nutrisi terbaik agar otak mereka siap menyerap ilmu tanpa gangguan rasa lapar. ada ironi yang getir di balik setiap porsi makanan itu; kita sibuk memastikan tubuh mereka kuat dan pikiran mereka tajam, hanya agar mereka siap diterjunkan ke dalam sistem pendidikan yang saat ini tampak seperti ""pabrik"" pencetak buruh kerah biru. kita memberikan mereka protein dan vitamin agar mampu fokus di kelas, namun kurikulum kita justru sering kali menjinakkan daya kritis mereka menjadi sekadar kepatuhan teknis. tragisnya, gizi yang kita investasikan hari ini berisiko berakhir sia-sia ketika mereka lulus nanti. di tengah membludaknya angka pengangguran terdidik, ijazah sarjana yang diraih dengan susah payah sering kali hanya menjadi lembaran kertas tak bertenaga di pasar kerja yang jenuh. kita seolah-olah sedang membesarkan atlet lari dengan nutrisi juara, hanya untuk menyuruh mereka berlari di atas treadmill yang tidak membawa mereka ke mana-mana. akal sehat saya sih mengatakan seharusnya penguasa republik ini mau berjuang melakukan revolusi pendidikan dengan membuat kurikulum sumber daya alam di setiap jenjang pendidikan mulai dari tk sampai universitas. langkah ini akan memberikan jaminan kesejahteraan hidup generasi muda di indonesia, karena pada hakikatnya, sumber ekonomi sebuah bangsa untuk dapat diusahakan oleh setiap rakyatnya adalah kemampuan mengelola berbagai sumber daya alam secara mandiri. gagasan ini sangat strategis karena indonesia adalah lumbung sda. kuncinya bukan sekadar menghafal nama tambang atau hutan, tapi membangun mindset ekonomi berbasis nilai tambah dan keberlanjutan. kurikulum ini menjamin hidup karena menggeser nasib generasi muda dari ""buruh pasar"" menjadi ""pemilik rantai pasok"". kesejahteraan tercipta saat anak muda indonesia mampu mengolah sawit, nikel, dan lautnya sendiri dengan teknologi tinggi. berikut draf kurikulum revolusi pendidikan berbasis sda: 1. tingkat paud/tk: fase ""kagum & sayang"" fokus: membangun ikatan emosional dengan alam. materi: mengenal buah lokal, menanam biji, dan memilah sampah organik. output: generasi yang tidak asing dengan tanah dan tumbuhan di sekitarnya. 2. tingkat sd: fase ""manfaat & proses"" fokus: memahami dari mana kebutuhan hidup berasal. materi: siklus air, proses padi menjadi nasi, hingga pengenalan potensi daerah (misal: daerah pesisir belajar tentang ikan). output: kesadaran bahwa alam adalah sumber kehidupan yang harus dijaga agar tetap ada. 3. tingkat smp: fase ""nilai tambah & teknologi dasar"" fokus: mengenalkan konsep bahwa sda mentah bisa diolah. materi: prakarya pengolahan hasil alam (misal: mengolah singkong menjadi produk bernilai jual), dasar-dasar pertanian hidroponik/vertikal, dan pengenalan energi terbarukan (surya/angin). output: jiwa kewirausahaan dini agar tidak hanya menjual bahan mentah. 4. tingkat sma/smk: fase ""hilirisasi & literasi ekonomi"" fokus: menghubungkan sda dengan pasar global. materi: teknologi pascapanen, manajemen logistik, regulasi ekspor, dan pemanfaatan limbah menjadi produk bernilai (circular economy). output: kesiapan kerja atau berwirausaha dengan memodernisasi sektor tradisional. 5. tingkat universitas: fase ""inovasi radikal & kedaulatan"" fokus: riset mendalam dan kepemimpinan industri. materi: bioteknologi, teknik pemurnian mineral (smelter), kebijakan fiskal sda, hingga hukum agraria internasional. output: tenaga ahli yang mampu mengelola kekayaan nasional tanpa ketergantungan pada teknologi/sdm asing.",positive
"anak kenyang = belajar fokus = kualitas meningkat. simpel tapi efeknya besar. ini bukan cuma program, tapi fondasi buat indonesia yang lebih kuat ke depan.",positive
"saranmu tidak masuk akal bang, soalnya mereka susah mainkan harganya alau barang jadi.",negative
hidup z😅kowie ! (3x),neutral
jan² rumah tanggamu mbak,neutral
tetap menyala tempo,positive
💩,negative
"selain bermasalahnya program mbg. sppi juga sangat bermasalah, carut marut semuanya.",negative
yang untung adalah pengelolah dapur mbg.,negative
hati hati agen asing. mereka punya dana tak terbatas . kaki tangan mereka banyak . media tempe ...hati hati,negative
🎉,positive
gerindra,neutral
"polisi ,tentara semua ke bagian mengurus mbg pertanyaan sekarang apakah kedua instansi sdh tidak punya kerjaan ,sampe sampe ikut dilibatkan korupsi berjemaah",negative
"yang penting pendidikan gratis, baik itu di sekolah negeri n swasta sampe tingkat pendidikan tinggi",positive
"dari sekolah dasar anak2 kita di tipu kalau yang mereka makan ada gizinya. penampakan aja nga ada sehat2 nya. oh iya, untuk yang menolak mbg, di kemanakan dana nya? balik ke pemerintah atau masuk ke kantong2 pengusaha?",negative
"dari semua vendor mbg yang ada, brapa persen dari orang2 partai pendukung presiden?",negative
tempo tetap dihati masyarakat dan jd tolak ukur informasi publik yang independen.,positive
m b g program oon perut isi otak kosong,negative
yaelaa proyek 1000 celah kyk gini udah gaheran banyak yang ingin maen maen😂😂😂,negative
"kemarin siswa di sma 2 kudus dapat mbg, besoknya ada yang diangkat polisi, guru, dokter dan tni loh.",negative
"tidak papa, memang nyampe kok barang nya. kalo ada kekurangan itu wajar. dari pada pada di ganti program laen. sama sama di korupsi. tapi kita dapet angin nya aja 😊",positive
ekonomi tambah miskin karena banyak pengangguran dan semua harga pangan lebih mahal,negative
program bohong bohongan,negative
"menurut saya mbg sudah benar hanya dibutuhkan masyarakat yang tau peluang, sehingga ekonomi lebih baik. bisa dikumpulkan melalui koperasi misalnya. agar anak2 indonesia ketimpangan gizi saat sarapan berkurang dan anak2 bisa belajar dengan maksimal ketika perut kenyang. harapanya generasi sekarang yang dapat mbg tidak kalah dengan bangsa lain di eranya nanti. daripada diberikan blt malah masuk ke pinjol.",positive
maju terus mbg,positive
"banyak dapur tidak standar, bangunan harusnya 20 x20.",negative
mbg hanya program dipaksakan untuk memperkaya orang orang dilingkungan istana..,negative
menyalaaa abangku,positive
bbc soalnya tidak dapet apa2..,neutral
"mbg ganti dengan makan buah gratis (murah meriah sehat gizi tinggi) para petani buah akan lebih giat produksi naik banyak tanam pohon buah - tanah hijau subur (tahan erosi) kurangi polusi tidak ada resiko keracunan. (mbg dengan pola makan hewani rentan keracunan - inkubasi bakteri 4 jam di daging n ikan masak - belum lagi kl keracunan eg tuna mercuri bisa bahaya seumur hidup untuk otak anak. pola makan hewani - peternakan merusak lingkungan, global warming, pemborosan, seluruh dunia sudah bergerak animal right - stop pembunuhan hewan - ganti pola makan nabati - save earth)",negative
"vendor vendornya tidak jauh dari kroni kroninya, supaya proyeknya dan duitnya tidak kemana mana dan mudah di bagi bagi.",negative
"kenapa proyek makan bergizi gratis tidak melibatkan kantin sekolah dan pengawasnya dari pemerintah beserta wali murid. sehingga kantin bisa tetap hidup karena proyek pemerintah ini. banyak ada catering dadakan yang muncul, yang tidak punya dapur cuma mengandalkan dapur orang lain dan setoran ke relawan. imbasnya kualitas makanan menjadi turun banyak karena banyak fee dan potongan. smoga dpr bisa mendengar dan mempertimbangkannya",negative
jangan terlalu underestimate dengan pemerintah perbanyak literasi (biarpun males 😅) tetap positif thinking terhadap mbg,positive
"salam ❤nkri....program mbg harrus terus di evaluasi dan intervensi oleh bgn agar kebiasaan baru ini dapat beradaptasi dengan baik antar sektor kepentingan, karena program mbg lahir sebagai kebijakan politik, ya wajar banyak yang kritik.... terus berbenah semoga pelajar, ibu hamil dan menyusui selaku penerima manfaat langsung terus dapat terlayani lebih baik dari waktu ke waktu...amin..",positive
"helo bocor alus... tlg cari bocoran dowk, sebenarnya brp nominal paket mbg yang diterima oleh siswa...?? karena pihak dapur hy terima 5rb per paket... yang 10rb kemana...?? kena sunat di berbagai lembaga pemerintah daerah... seribu/paket/hr di masing² instansi...🤔🤦‍♂️👹 tempo bocor alus bs lakukan investigasi tuk menampik info liar ini...",negative
"tempo media maju terus pantang mundur, suarakan selalu kebenarannya",positive
"paham kan, kenapa mbg tetap dipertqhankan 😁",negative
"mbg ""memasak begizi gratis""",positive
"keracunan bkn karena banyak dapur, tapi pengawasan dan scope kerja yang besar. coba kalo 1 sekolah 1 catering lokal di desa yang sama. pasti stock handling lebih kecil , mudah dan terbiasa kerja catering.",negative
karena budaya kkn sudah jd tradisi..bayanken setiap porsi ada issue..komisi ..,negative
"dana haji di korupsi dana baznas di korrupsi meenurut sy sih hanya orng"" gilaa yang percaya mbg bakal tidak di korupsi",negative
sudah kuduga... bangsa ini mentalnya korups... apapun program sdh bs dipastikan dikorups oleh para pejabat atau koleganya,negative
tukang jual nasi bu pak,neutral
"intinya kalau prabowo apagi gibran tidak di lengserkan negri ini akan trjadi gelap beneran,,,🤪",negative
bnyk kroninya jd tidak sesuai yang d harafkan....,negative
"saudara saya pedagang bakso goreng dan cilok mengeluh, sejak ada mbg dagangannya jadi tidak laku, dan sekarang sudah berhenti dan menganggur.",negative
"haram buat mengikuti tempo😂😂 tempo itu bukan media yang baik, tempo itu media yang popokator",negative
banyak anggota dewan beramai ramai mengajukan dapur mbg....,negative
agen intelijen mossad bernama george soros terus berusaha menggagalkan program makan bergizi gratis karena takut indonesia jadi negara maju,negative
"memang menyuarakan kebenaran tapi kebenarana yang dikasih tempo memecah belah dan membuat kepercayaan sipil menurun , kalo resesi gr gr media media pengkhianat gini apa tidak kasian sama anak istri dirumah pegawai tempo😢, eh lupa udah makan duit haram ya karyawan tempo hehe😅",positive
ada yang tumbuh artinya ada yang gugur. itu udah jelas kan,neutral
mbg bukan program tetapi proyek,neutral
muter2 ke luar negeri dibelikan tas hermes kali🤫,negative
hanya allah yang tahu baik buruknya manusia berbuat sesuatu dan akherat menanti pertanggungjawabanmu dihadapan allah. mari kita berbuat baik tuk bangsa dan negara.,positive
"banyak program dan proyek, banyak lahan korupsi baru..",negative
"yang bilang harus anies siapa, ganjar kan ada",neutral
"maju terus tempo ,telanjangi semua kebusukan yang ada di muka bumi nusantara ini....❤",positive
"saya kira wajar setiap siapa yang berkuasa maka pendukung nya mendapatakan proyek karena mereka sudah bekerja keras selama kampanye baik harta dan jiwa untuk menenangkan prabowo zaman sby-jk, zaman sby-boediono zaman jokowi juga begitu pendukung nya mendapat proyek daripada diberikan dikuasai antek antek asing, amerika, yaman, hti lebih baik dinikmati pribumi sendiri uangnya beredar di situ lebi",negative
"negara kita sngat luas, jdi tidak akan merata ke masyarakat. lebih baik stop, anggaran di alihkan",negative
gpp anggaran besar klw buat rakyat daripada ratusan triliun dikorup oknum pejabat tpi ttp program tsb harus dikontrol dg ketat agar tidak ada oknum oknum nakal yang mau main main,positive
dah bubar aja kalo semua pejabat penyelenggara negara pikiran nya korupsi mulu mending bubar saja kasihan rakyat di bikin miskin oleh koruptor nunggu 2030 bubar kata prabowo bakal terbukti itu,negative
pasti itu yang sampe ke murid hny 5.rb,negative
teruslah bersuara,positive
"mbok yao program makan gratis dihapus saja. tempo dulu siswa tidak pernah diberi makan dari pemerintah ya orang tua bisa memberi makan kepada anaknya, dan bisa sekolah.",negative
"uud, ujung-ujungnya duit... 😁",negative
sinergi positif! 🇮🇩 mbg melibatkan penggerak lokal demi gizi anak dan pemberdayaan ekonomi seluruh rakyat indonesia. ✨🙌,positive
petani sayur senang ada mbg semoga lancar mbg,positive
mentri merah putih mentrinya oon yang bisa bekerja cuma mekeu amran mengangkat ahy. lainnya koplok,negative
yang dapat malah yang di kota yang di kampung pelosok tidak tuh dpt mbg,negative
terima kasih tempo dg teguh tlh mbantu masyarakat untuk mngetahui sesuatu yang tersembunyi & disembunyikan oleh penguasa ttg ketdkberesan dlm mengelola negara dan uang rakyat.,positive
"sejak awal kami sudah suarakan program mbg , program yang di paksakan dan aneh bagi pakar2 ekonomi... seperti prof. ferry latuhihin sudah mengingatkan penguasa....",negative
"bang,jakarta aja belum semua dapat",negative
"saya terdampak efisiensi anggaran,, yang berakhir di rumahkan.. apakah ini efek mbg?",negative
stop progam ini progam tidak transparan hanya merugikan apbn!!!!,negative
"sub-contractor itu harus dilarang sama sekali. karena, mutu makanan yang akan diterima sama rakyat lebih sedikit bermutu karena sub-contractor2 juga mau untung duit.",negative
gue pdgang dipasar biasa aja😂,neutral
jln terus bocor alus. masy mendukungnya 100 %.,positive
"mbg kenapa tidak transfer ke rekening pelajar kjp/kip. dll.. !!,, 10 ribu x 30 =300 ribu. bisa buat belanja uang dapur orang tuanya, masak buat anak2 nya,. !! :) :)",negative
ada nya mbg kantin2 sekolaan pada bangkrut yang di untung hanya yang punya dapur mbg coba lihat yang sebenar,negative
"bayangin mbg itu adalah danantara, suremm pak 😂",negative
bubar kan mbg,negative
صَلَّى اللهُ عَلَى مُحَمَّد (shallallahu 'alaa muhammad),neutral
smg lks berhenti...,negative
sekolah anak saya sampe sekarang belum terealisasi kok...parah!!!,negative
"tidak bisa lah... nanti ""tikus"" mau dapat apa bosss??? gigit jari die... si wowo tidak beranilah, orang tujuan mbg buat kasi makan ""tikus""...",negative
"arga wajah "" budiman "" tangan "" preman "" kreeenn..tuh tato😂😊",negative
disini apa ada ya pendukung prabowo yang liat,neutral
1880,neutral
sebenarnya bisa lebih aman dan efesien takala mbg itu di kasih langsung dananya ke yang bersangkutan. itu tidak akan banyak dana yang berserakan mbg itu dananya terlalu besar potensi penyelewengannya besar juga coba kalau di kaji ulang lagi..,negative
"ya ladang baru lah, buat persiapan 2029, hahaha, mang bgsnya parpol ni di bubarin semua, wkwkkw",negative
para kroninya situa dan siplongo. yang dpt untung.,negative
"kehidupan dunia ini to be continued. banyak yang tidak selesai di dunia, akan bersambung di akhirat kelak. kesadaran ini perlu ditanam dengan kuat di hati para pemimpin indonesia",negative
pandangan gus dur itu tepat yaaa😅,neutral
wowo sok asik,negative
"inilah yang disebut berita yang benar: berita yang turun langsung ke lapangan. saya pedagang pasar, dan sejak program mbg berjalan, pasar tradisional terasa semakin sepi dan lesu. bukan hanya kami di pasar yang terdampak, pedagang sayur keliling pun ikut merasakan hal yang sama. sebelumnya, para ibu masih rutin berbelanja untuk memasak bekal anak-anaknya. sekarang, kebiasaan itu perlahan hilang karena anak-anak sudah difasilitasi makanan oleh program mbg. akibatnya, dapur rumah tangga ikut berhenti berbelanja, dan roda ekonomi kecil pun melambat. masalahnya, dapur sppg tidak mengambil barang dari pasar tradisional. mereka langsung mengambil dari petani, peternak, atau tengkulak. pasar pun terputus dari rantai distribusi utama. bukan karena pasar tidak mampu menyediakan, tetapi karena sengaja dilewati. agar lebih mudah dipahami, bayangkan sebuah pasar tradisional memiliki 1000 konsumen. setiap konsumen terdiri dari bapak, ibu, dan 2 anak yang masih sekolah. ketika anak-anak tersebut difasilitasi oleh negara, maka konsumsi rumah tangga otomatis berkurang. jumlah konsumen pasar pun menyusut drastis—dari 1000 menjadi sekitar 500. inilah penyebab utama pasar menjadi sepi dan lesu. padahal, denyut ekonomi negara paling jujur terlihat di pasar tradisional. jika pasar sepi dan lesu, itu pertanda ekonomi rakyat sedang tidak baik-baik saja. angka statistik bisa dirapikan, tetapi kondisi pasar tidak bisa dibohongi. yang menjadi persoalan serius, dampak ini tidak dikaji dan diteliti secara matang oleh pemerintah sejak awal. tidak ada analisis menyeluruh tentang efek lanjutan terhadap pedagang kecil, distribusi pasar, dan stabilitas harga. akibatnya, kebijakan yang seharusnya membantu justru menambah beban rakyat. pasar sepi, ekonomi makin sulit, harga barang justru naik karena distribusi terganggu dan pasokan menjadi tidak seimbang. ini bukan sekadar dampak sampingan, ini adalah konsekuensi dari kebijakan yang tidak berpijak pada realitas lapangan. jika pemerintah ingin melihat kondisi ekonomi yang sebenarnya, cukup datang ke pasar tradisional. di sanalah rakyat berbicara tanpa statistik, tanpa narasi pencitraan—jujur, apa adanya.",negative
"nepotismae sangat kental di dalamnya jadi namanya proyek makan buat garong dari uang negara, . tenang saja pak prabowo saya sudah di sini teriak si samsul yang begitu lantang",negative
"negara lain sdh berlomba teknologi, yang ini berlomba memperlambat perkembangan negara menuju negara maju.. ttd george soros",negative
ladang baru bagi hama hama negara😂😂😂😂,negative
sudah diduga dari awal...,negative
semoga tempo tetap berhati hati dan tidak menerima pekerjaan dari pemerintah karena berpotensi akan menjadi bumerang,positive
"persis, sesuai pemikiran saya! ibarat kata mah, ini program bancakan untuk kader kader di daerah!",negative
turut berduka cita atas digesernya pak hasan hasbi dari posisi jubir kepresidenan.,negative
"seperti biasa, saya suka masakan tempo👍",negative
bisanya hanya mengkritik...memang kalian bisa apa untuk negara...masalah makan saja kok jadi masalah ..siapapun presiden nya harus didukung.. kalau hidup hanya untuk omong2 saja.. itu norak...kalo ada solusi boleh dibanggakan...kalo tidak ada solusi mending bungkam saja mulut kalian,positive
pantesan di teror. apa lagi di teror dgn dedengkot nya😅😅😅. kpk aja di ulti 😂,neutral
"apa itu mkn brgzi gratis,,,,?aq org indonesia hingga kini tidak prnah ngerasain program mkn gratis mlh sbliknya,,carii mkn ajj,, susahhhhhh!!!!!!bullshit,,",negative
mbg maling bersama mesin gerinda poles mana laporan audit mbg 2025 71 triliun nantangin 2 periode pemilu 2029 kopdes nantangin 3 periode semua itu publikasiin audit dan pajak mbg kopdes mana laporan pajak mbg 2025 71 triliun,negative
tidak usah takuttt. tkut bearti anda cupu,neutral
"obesitas, berlindung dibalik skin care mark up tik, kdm for president aja deh",negative
"bocor alus klo masak kelihatannya bergizi tapi klo di makan bikin tubuh berubah menjadi domba yang sangat alus,",positive
program mbg = proyek mbg.,neutral
carut marut,neutral
mbg di evaluasi terus saling koreksi*,negative
"koperasi kami di maluku telah mengajukan dokumen persyaratan untuk menjadi mitra bgn melalui website bgn untuk di verifikasi pd tgl 24 desember 2024,, status dokumen dalam proses verifikasi namun hasil verifikasi dokumen oleh tim verifikator pd tgl 10 februari 2025 adalah ditolak disarankan harus mendaftar melalui dgn nama yayasan bukan koperasi. apa bedanya yayasan dgn koperasi kan sama2 punya dokumen legal seperti akta pendirian dan ahu,,nib, npwp dll. kalau dgn yayasan berarti kami harus buat dokumen baru lagi akta dll.",negative
"klo memang program ini di paksakan,menurut sy alangkah lebih baik klo program ini di kelola sekolah masing2.biar sekolah bisa merekrut tukang masak,atau umkm sekitar sekolah.klo sekolah blm punya dapur,dibikinin dapurnya atau ruang yang ada disekolah trsbt disulap jadi dapur ny.",negative
bongkar!!!!!!,neutral
tempo 👍👍👍,positive
"nanti akan ada demo besar besaran dari program ini, bukan dari luar tapi dari dalam, pegawainya sendiri yang akan demo besar besaran, ketika program ini habis anggaran habis, jelas mereka akan dirumahkan, dan demopun bakal terjadi diseluruh provinsi yang ada, meminta hak lah, meminta inilah itulah, skema ini mirip seperti honorer yang lalu, hanya saja ini bakal lebih brutal, karena anggaran sudah habis dan tidak ada rencana lain karena ini menyangkut pendapatan, masih syukur honorer kemarin dialihkan ke paruh waktu. sedangkan pegawai mbg ini saya rasa bakal di rumahkan/phk besar besaran sebab ini hanya program prabowo, ketika dia lengser entah mbg berlanjut atau tidak, kalaupun lanjut habis sudah anggaran yang ada. awal jabatan teriak efisiensi tau taunya hanya untuk program simpatisan biar 2 periode kalik ya",negative
pertumbuhan ekonomi dari mbg yang mana? penyerapan tenaga kerja mbg membuat pengangguran usaha kantin sekolah dan pedagang sayur di pasar.,negative
"sudah tidak benar dankotor semuanya. bilang ini itu tidak benar, korupsi, tidak efisien, tapi diri sendiri buat cara baru untuk korupsi, yang walau sdh banyak dikritik, teaap mati2 an dipertahankan",negative
awas jgn sampai dpt kiriman kepala buaya atau kepala yang lain,neutral
"kalo memang sasaran nya 20% berarti anggaran nya tidak perlu sebanyak itu..., 😊, 400 triliun itu saya rasa terlalu banyak sekali.. 🙏🏻",negative
"subhanallah moga sehat, lancar, sukses, bahagia, sejahtera selalu bu. a a m i i n 🤲🤲🤲",positive
"msh pilpres sdh ragu dgn program konyol, karena pst byk kruptornya,nth otak msh ada ya? sekelas org2 berpendidikan sprrt ini otak tidak bs di pakai🤣",negative
jujur prbwo ni benar dan nya maling uang,negative
"salah satu program pengambangan sdm adalah mbg, karena data mengatakan 20% anak indonesia kekurangan gizi, pemerintah bergerak berdasarkan data ini pemerintah paham aset paling berharga adalah manusia yang produktif, kalau ada 20% anak yang kekurangan gizi maka aset terpenting indonesia berpotensi 20% tidak produktif, itulah gunanya mbg. membelanjakan 400 trilyun setahun untuk memastikan 20% dari populasi bisa menghasilkan ribuan triliun mulai 20 tahun kemudian adalah langkah strategis yang tepat",positive
"menurut saya mbg sudah benar hanya dibutuhkan masyarakat yang tau peluang, sehingga ekonomi lebih baik. bisa dikumpulkan melalui koperasi misalnya. agar anak2 indonesia ketimpangan gizi saat sarapan berkurang dan anak2 bisa belajar dengan maksimal ketika perut kenyang. harapanya generasi sekarang yang dapat mbg tidak kalah dengan bangsa lain di eranya nanti. daripada diberikan blt malah masuk ke pinjol.",positive
duid duid duid...,neutral
manusia 3 ini gibah melulu,negative
masakan nya pun krang segar,negative
se7....,positive
anak kenyang = belajar fokus = kualitas meningkat. simpel tapi efeknya besar.,positive
"​ tidak langganan, tempo tidak rugi",neutral
mbg realnya tidak efektif merugikn negara.disi negatifnya mudaratnya lebih besar daripada sisi manfaatnya. positifnya.kalo diteruskan sama dengan merusak mental pejabat merusak mental rakyat merusak mental generasi.artinya wajib dihentikan secara hukum,negative
gw sekolah di min2 tangsel mbg nya kadang basi jir lawak ujung nya gapada makan,negative
para petani untung. rakyat untung. ekonomi rakyat tumbuh. masih aja ada yang mau ganggu. pemerintah menghidupkan para petani dlm jumlah jutaan knp kalian yang pusing. cnn chanel yahudi kalian percaya.,positive
wah wah,neutral
"sungguh memprihatinkan betapa hilangnya nurani dalam sistem yang terus dirusak oleh korupsi, kolusi, dan nepotisme yang merambah hampir setiap lini kehidupan. bahkan, kebutuhan dasar anak-anak pun tak luput dari praktik penyelewengan. dugaan bahwa pola-pola seperti ini telah berlangsung lama bukanlah hal baru, dan di tengah apatisme publik, keberlanjutan investigasi mendalam dari tempo patut diapresiasi sebagai bentuk keberanian jurnalistik yang konsisten. pajak yang kita bayarkan, bukan sekadar dari gaji bulanan, tetapi juga dari setiap aktivitas konsumsi harian, nyatanya dapat dengan mudah diputarbalikkan menjadi ladang bancakan oleh kekuasaan. dari pucuk tertinggi hingga akar terbawah birokrasi. ironis. tragis. dan sejujurnya, melelahkan.",negative
cara korupsi paling halus ...menyiapkan makanan gratis ke anak 🥲🥲🥲,negative
lebih baik jumat berkah.... daripada mbg..😅😂😂,negative
di. urungkan. koruptor. tunggu. tanggal. maennya,negative
udah lah jgn koar2 mkn gratis g ada bukti dan kencataan dri mana mkn gratis anak saya blm pernah dapat mkn gratis selama ini mkn bergisi tai kucing.,negative
"kok di disini tidak ada yang berani turunkan prabowo, jelas dia adalah x dan kroni paling banyak korup. sampean malu karna kemarin milih dia atau gimana nih haha",negative
"proyek makan gratis , sistem korupsi yang strategis sulit untuk ,di jerat hukum.",negative
yang untung yang menghendel.,negative
"gua beli telur di pasar yang biasanya sekilo 25k sekarang 30k, penjualnya bilang 'maaf ya mas barangnya lagi susah habis sama dapur mbg.",negative
"judulnya = ""gantian korupsi""",negative
"dari awal mah ""proyek"" ini udah fishy",negative
makan gratis sya pikir uang pribadi pak prabowo,negative
citra tempo akan di hati rakyat apabila sll menampilkan data yang sdh terverifikasi dan jangan terlalu banyak bumbunya dan zat pewarna yang beracun.,neutral
sejauh ini mana program nya makan bergizi buat anak sekolah. saya berada di sumatra selatan tepat nya muara enim cuma sekali anak sd di sini makan makanan geratis cuma buat dokumentasi aja. padahal kami tidak terlalu plosok juga. mana janji presiden,negative
ini arga temen gw di tkn pilpres 2019 lalu. keren lu tidak,negative
kegagalan didepan mata program mbg,negative
mamtap tempo proyek mbg ladang basah bilang makan bergizi gratis ujung nya pakai duit pajak masih mau pilih dithn 2029 presiden omon-omon broooooooo,negative
pak presiden apa sudah mengetahui bahwa jatah mbg untuk satu anak rp 15.000 tetapi fakta yang diterima satu siswa antara rp 6.000 sampai rp 7.000 lantas kpk dan kejagung apa juga sudah mengerti,negative
emang kalo bisnis wajar non kkn non proyek pemerintah kagak bisa cari cuan yang halal? kapan majunya bangsa ini?,negative
yaa raja jawa lah yang untung..,negative
tempe .,neutral
"tinggal grup tempo...harapan kita.....rocky gerung, najwa pun sudah mulai hati hati....🙂",positive
"lah kok enak banget langsung bilang dibatalkan dan mbg cuma jadi ladang korupsi 😅 mbg itu justru program buat bantu anak-anak, bukan buat dibubarin seenaknya",negative
apa kabar danantara ntar yak? 🤣🤣,negative
bikin lahan korupsi barulah lagu lama kaya program food estate,negative
"jaman udah maju seoerti itu kampunganlah oroyek itu , ganti uang aja diberikan disekolahan , vegitu aja kok repot wowo proyek kuno itu .",negative
indonesia dikelilingi lautan kenapa tak ada 1 pun pada makan ikan laut,negative
sama2 saja ya..wowo & wiwi duuuuuhh ..???,negative
"sebenarnya proyek mbg gausah di realisasikan kalu hanya ""omon omon"" semata,",negative
mantaap,positive
"kalo indonesia perang suruh yang menikmati korupsi mbg maju,rajyat yang miskin tetap dirumah saja",negative
"spmbg makin makmur, guru honorer makin ancuuurrrr!!!!!!!!! guru honorer cumak dibayar maksimal 500 ribu perbulan dengan tuntutan dedikasi yang sangat tinggi😩😩😩😩 sementara buruh spmbg digaji antara 2-3 juta perbulan, kerjanya cumak beberapa jam saja!!!!!!! 😛😛😛😛😛 kira2 mulia mana ya, antara guru honorer dengan para buruh spmbg??????? yang pernah sekolah mohon tulis komen dan jawabannya ya...... 😂😂😂😂",negative
"mana suara petinggi nu yang biasa bunyi toleransi anak muslim jangan kasih pada sing hari wahai pemerintah,anak kami jangan samakan dg anak koruptor",negative
yang untung jelas pemilik sppg. mending di cash di kasih ke orang tua,negative
di denpasar belum ada satu sekolahpun yang ada makan bergizi gratis itu proyek bihongan mungkin menjangkao 1% anak sekolah di lndonesia saja,negative
"tìdak kaget, sejak awal sudah kuduga akan terjadi seperti ini",negative
yang diuntungkan tikus.tikus jugak monyet monyet..dalam hutan..lur.,negative
mantap mas bowo ente atur lah gimana baiknya 😂,positive
mbg bancakan korupsi,negative
"salah satu program balikin modal pemilu berkali""",negative
"saya orang baru di sppg, kurleb sprti apa jobdesk aslab??",neutral
dari awal juga sudah mengira bakal dicaplok oleh para pencari cuan,negative
"kalau saya bukan masalah mbg yang saya permasalahkan yaitu apbn 2026 untuk pendidikan bermutu sekitr 769t, padahal di jaman sby untuk sekolah gratis itu 20% dari apbn atau sekitar 400t padahal hampir 2x lipat tapi, tidak bisa dibuat sekolah gratis 9 tahun karena mbg kalau tidak disalahgunakan bagus kok, contohnya deket rumah gw, mbg di pengajian yayasan itu enak-enak beda banget sama yang di dapat di sekolah (karena lebih ngerti dosa keliatan nya) contoh makannya, ayam katsu + saus teriyaki ikan teri pedas kentang goreng puding kelengkeng pas dapat pertama kali gw kira anak gw beli diluar",negative
"15:26 tujuan utama adalah jangan sampai program ini gagal, makanya digerakan semua unsur yang bisa dipercaya untuk actions. kenapa judulnya jadi menikmati ya. lada hal ini adalah program baru yang lerlu konsent dan peejuangan bangetz. jadi liyer klo dpet impo gini",negative
ter insipirasi ransum di barak 😂😂😂😂🎉🎉🎉🎉,negative
"makanya pilih pemimpin yang bener, jgn yang tua, pemikirannya tidak update, udah mentok. sekarang malah tidak bs apa2 negara kita..😂",negative
gassss tempo,positive
mbg : mas bowo gemoy,negative
lagi2 yang yang suburhidupnya pasti bazer2nya pemimpin yang sudah menyanjung majikanya.,negative
tapi sayangnya ada yang bekerja sama dengan perusahaan cina yang menjadi rekanan proyek mbg. ini sangat menyedihkan.,negative
"mau apa pun program pemerintah,program yang populer,terbagus,terbaik,terdepan,kalau hukum nya tidak diperkuat dibuat hukum seumur hidup atau hukum mati dan sita aset korupsinya yang koruptor nol besar untuk indonesia....tapi kalau pemerintah hanya omon2 manis dimulut berantas korupsi tapi hukum nya tidak diperkuat hanya lewat saja alias lips service saja",negative
"mbg adalah produk yang tidak efektif,hanya sebagai lahan korupsi buat orang dilinkaran penguasa...",negative
mantap liputannya beda dengan media sebelah malah di undang oleh pemerintah dan hilang kritisnya,positive
apakah termasuk yayasan mbn yang sudah dilaporkan ke polisi karena tidak membayar supplier yang menyiapkan makan mbg sehingga merugikan hingga 2 milyar?,negative
silahkan kritis..tapi jangan nyinyir... bro,neutral
integritas,neutral
pejabat dan kroni kroni nya,negative
sebagai orang tua aku apresiasi banget komitmen pemerintah soal kesehatan anak-anak,positive
pejabat penuh cemburu dana mbg lari ke rakyat .,negative
sy setuju btalkan mbg yang kaya yang punya dapur,negative
"pemerintahan kacau balau, korup, rakyat dibiarkan rusak. tapi yang tidak waras malah senang. oh tuhan. mahasiswa pun jadi takut dengan diktator",negative
​ kalau aduit mau lah.... 😅,negative
banyak yang kercunan,negative
"yang di untungkan dengan mbg itu adalah pemodal besar dan kroni wowo,,😛",negative
"bukan giveaway bro, tapi balas budi",negative
"​ cek sendiri ke pasar, ramenya hanya pas anak sekolah libur. yang buzzer itu yang bela mati2an uda tau mbg banyak merusak ekonomi",negative
gara2 mbg. bikin susah seluruh indonesia. !!!!,negative
pendukung prabowo untuk mbg spy bisa kontrol jg,negative
hidup george soros 😂,neutral
11 & 12 eyang 👴👵 wowo dgn raja jawa wiwi mulyono alias lingkaran orang dekat istana kepresidenan,negative
dikasih pendidikan gratis malah milih makan gratis 😂😂,negative
"beginilah jadinya kalau kepemimpinan sipil, dipimpin dengan cara militer (komando). kalau pimpinannya paham persoalan, ya tidak terlalu bermasalah, tapi kalau dia tidak begitu paham, perintah yang bersyifat komando itu bisa jadi persoalan.",negative
"makan bergizi gratis di daerah belum berlaku,baru dikota aja. gakjelas.",negative
cokro tv paling sebel tempo khususnya bocor alus,negative
"uda pasti, ini kan kue buat dibagi bagi ke tikus"" pendukung kemaren.",negative
"memang menyuarakan kebenaran tapi kebenarana yang dikasih tempo memecah belah dan membuat kepercayaan sipil menurun , kalo resesi gr gr media media pengkhianat gini apa tidak kasian sama anak istri dirumah pegawai tempo😢, eh lupa udah makan duit haram ya karyawan tempo hehe😅",negative
proyek populis tidak realistis.,negative
patungan mungkin dari pemangkasan tunjangan pejabat/asn 😂😂😂,neutral
lg balik modal,neutral
hentikan aja mbg,negative
intinya program sudah sekian lama berjln tapi blm jg sampai k sekolah yang ad di kampung,negative
"saya setuju sekali mbg harus dievalusi dan dikawal tapi 33:00 tempo sebagai jurnalis tidak ada hak untuk menyatakan sebuah proyek itu perlu atau tidak perlu, karena itu prerogatif presiden yang dalam hal ini cukup rasional mengingat indikasi yang ada. tidak ada indikasi pun sebuah proyek bisa saja dijalankan atas dasar visi pemimpin. apalagi ketika indikasi nya sudah ada jelas (stunting) maka jelas pemerintah harus intervensi, hanya saja namanya intervensi pemerintah pasti bentuknya ya proyek. ""proyek"" itu sendiri tidak salah. yang salah itu pelaksanaannya tidak boleh ada unsur kkn. yang akhirnya akan menentukan proyek ini positif atau negatif adalah evaluasi mengenai berapa pengorbanan/biaya yang sudah turun dibandingkan dengan hasil yang didapat ingat, jurnalis itu melaporkan saja, menyimpulkan sekedarnya, bukan menggiring opini dengan ""menyatakan""",negative
smg allah swt melindungi mereka yang mencari dan mengupas kebenaran,positive
lanjutkan rekan2 tempo.. .berjuang untuk bongkar pola2 licik para koruptor yang dikoordinasi parpol.,negative
​ -s2u jadi gmn pak? apa bapak mau biarkan anak anak indonesia ini kurang gizi agar anda pedagang dapar untung terus? justru harga naik ini membuka mata saya bahwa banyak ternyata anak anak indonesia yang kurang gizi. pedagang emangnya produsen kah? kalian cuma ambil dari produsen dan jual ke masyarakat. kalau harga produsen naik ya tinggal naikkan aja harga.,negative
setiap orang boleh berpendapat atau berkomentar masing - masing. sesuai kebutuhan nya. tapi bagi saya pribadi. sebagi orang miskin yang berpendapatan kecil dan pekerja serabutan. merasa bersyukur dengan ada nya program mbg dari pemerintah.,positive
proyek untuk perwira di daerah,negative
mantappp,positive
"sabar ka, kemungkinan jurnalis sdg mengumpulkan data2",neutral
"mkn gratis tujuan agar kader penguasa dpt maling duit rakyat rame2, mulaidri pejabatnya sampai pelaksannya adalah kader penguasa tanpa tender, cuma main tunjuk doang, dg cara begitu,,anggarn nya tidak dpt di periksa oleh bpk dn bpkp,",negative
no cica no party...wkwkwkkwkwkwwk,neutral
"tujuan prabowo untuk pemilu 2029,,mbg yang makan dpr semua,,seperti kemarin para dpr khianati partainya secara diam2😂😂😂",negative
"kalo berkaca dari case yang di x bata, mekanisme pencarian melalui bansos akun 526. sehingga tidak dikenakan ppn pph. dari yayasan menunjuk catering / cv / pt. nah mereka saat tagih muncul ppn/pph tidak ya? nah yang jd persoalan, transparansi yayasan sangat diperlukan, proposal yang diajukan itu isinya apa, data siswa sekolahkah? termasuk perlengkapan kah? atau ada yang lain sehingga penyedia barang/jasa/catering tahu. nah budget dari bgn 15 rb perporsi sampai ke catering 12,5. nah 2,5 itu apa? margin keuntungankah? sedangkan yayasan bukan badan hukum yang mencari keuntungan. terlalu belibet.",negative
daria awal saya curiga kalau mbg ini bakal jadi ajang korupsi. berikutnya adalah proyek sekolah rakyat,negative
ya iyalah..namanya politik balas budi🤣🤣🤣 udah makin tua makin ambisius untuk jdi presiden.jdi ya stlh duduk di kekuasaan ya hrs bayar ganti balas jasa🤣🤣,negative
jd jg anti kritik bpk prediden..kita bukan anti mbgnya..yg jd masalh menu yang disajikan ke anak2..yg msh prlu dievaluasi...,negative
😅😅😅,neutral
kita jg di madiun jawa timur....di kabupaten ku blm ada ....yg sklh di kodya pun jg blm dpt makan siang gratis......cuman omon omon di wowo...​ -qb3vg,negative
"hambatannya jelas. program mbg justru jadi pemicu harga pasar melonjak naik. barang diambil besar-besaran oleh sppg tanpa melalui mekanisme pasar, membuat pasar tradisional sepi. di sisi lain, permintaan mbg yang masif menyebabkan barang langka di pasar. akibatnya sederhana: harga naik, rakyat menjerit. ironisnya, sebagai pemerintah yang seharusnya menstabilkan harga, justru melahirkan program yang membuat harga tidak karuan. mbg bukan menenangkan pasar, tapi mengacak-acaknya. pasar makin sepi, harga makin melonjak, ekonomi rakyat makin sulit. dan yang lebih aneh—atau mungkin sudah bisa ditebak—program ini malah membuka jalan korupsi massal. di level sppg saja sudah kelihatan jelas. tempe harga asli 5000, tapi pemilik sppg minta ke pedagang: “di nota tulis 7000.” dipesan 400 biji. selisih 2000 per biji. tinggal dikalikan. hasilnya 800000—dari tempe saja. baru satu barang. tambahkan beras, telur, minyak, sayuran, susu, buah. dari satu dapur sppg, dalam sehari bisa mengalir keuntungan puluhan juta. katanya demi gizi anak-anak. katanya demi masa depan bangsa. tapi yang terjadi justru sebaliknya: uang rakyat dikuras, pasar dimatikan, harga dinaikkan, dan anak-anak dijadikan tameng moral. ini bukan program gizi. ini program morotin uang rakyat dengan bungkus kepedulian.",negative
"dulu gibran saat kampanye,bilang mbg akan melibatkan umkm sekitar tapi ternyata oh ternyata cuma menggendutkan kantong para pendukung nya",negative
ujung²nya proyek......siapa yang diuntungkan?,negative
gara2 mbh kami kesekolah lagi ambil mbh anak ..pembodohan. sedang jadwal pulang anak aja dipercepat,negative
tuhan bersama tempo. lawan para iblis berwujud manusia.,positive
tempo bocor alus memang mantap,positive
mbg itu proyek korupsi untuk pilpres dan pileg 2029,negative
yang di untukan bos bos kecil .buat pasar makin sepi ?,negative
yang diuntungkan adalah pejabat dan saudara pejabat yang punya dapur ...,negative
byk yang tidak terbyrkan,negative
tabiat bernegara:? program kerjanya dijadikan proyek dan dimonopoli oleh pemenang pemilu. pihak lain seperti tidak punya kompetensi menangani program...,negative
di bali ada program ini ya??? kok di sekolah anak saya ngak ada 🤣,negative
"mbg hanya kedok , asli nya bagi bagi jatah bagi pendukung omon omon",negative
kota bandung juga masih wacana,negative
"10 tahun??? sejak 1998 melarikan diri ke yordania. balik ke tanah air, tahun 2004 ikut konvensi capres partai golkar untuk pilpres, lantas pilpres 2009 cawapres dg megawati kalah. 2014 dan 2019 kalah pilpres oleh jokowi. hitung berapa tahun?",negative
tempo harus bahas juga terkait rekrutmen asn bgn yang penuh kontroversi .,negative
di bali mana sih mbg ini dah berjalan. anak ku sma dan sd sampe sekarang belum dapat,negative
mbg sama sekali tidak ada manfaatnya,negative
pantesan beliau mengatakan kasian ke kluarga koruptor teryta........,negative
yang di manggarai barat itu pernah makanan nya cuma kue donat. coba tim investigasi gali lebih dalam 🙏🙏,negative
thank you buat siapa aja yang udah mau terlibat dan bantu mbg biar tetep jalan,positive
menuju indonesia gelap gulita bersama macan jompo... 😊,negative
"jadi rakyat di negeri yang aku lupa namanya ini, nilai rakyat bagi pemerintah tidak lebih cuma sekedar komoditas",negative
cuma omonomon dan joget gemoy,negative
"ayo dong tempo, telusuri kasus yang ngaku lulusan yujiem dan skandal di guritanya",neutral
seperti itulah indonesia...siapa yang berkuasa maka segala fasilitas dan kemudahan akan dinikmati oleh para penjilat dan pendukungnya...😅😅😅 dan masalah apakah akan dikorupsi maka tunggu aja setlh yang berkuasa berakhir masa jabatannya... pasti ditahanlah para pendukungnya yang korupsi oleh pemerintah yang baru nanti.. tunggu aja drama politik dan uang sekarang karena pasti akan ada giliran nya...😅😅😅,negative
mbg program tanpa study kelayakan akibatnya berdampak kurang baik pada berbagai sektor program mbg hanya kepentingan/ janji politik,negative
"kapan ya, para elit negeri berebut kekuasaan untuk bisa membahagiakan dan mensejahterakan kepada seluruh rakyat indonesia secara adil dan merata? bukan berebut kekuasaan untuk mendapatkan tahta, harta bagi secara curang untuk sekelompok orang2 tertentu, sedangkan: -rakyat... -tetap melarat, -hidup terasa berat, -derita belum tamat. 😭😭😭😭😭😭😭😭",negative
adaa2 aja ptogramnya.. itu program/proyekk?? dan atau dugaan..?? kok dengerr2 ada yang sdh 1milyar tidak dibayarr... ingett yaa jgnn pernah berbisnis apapun dgn pemerintah..,negative
jelas yang korupsi yang diuntungkan,negative
yang perempuan kemana ya?,neutral
"baru sadar... hasan nasbi ternyata selalu nonton bocor alus tempo, yang selalu diawali masak apa sekarang.... jadi ketika ditanya masalah pala babi, alam bawah sadarnya langsung menjawab ....dimasak aja... 😂",negative
"sejak 1998 saya konsisten dengan majalah tempo, apalagi era digital kini dgn bocor alus nya.",neutral
😮😮😮😮,neutral
tempo tak lekang oleh waktu... 👍👍👍,positive
masak terus,positive
"untuk level kabubaten, udah pasti lingkaran kepala daerah. bahkan sampai minyak jelanta pun wajib dijual ke mereka",neutral
setiap ada kebijakan disitu suka ada bacakan uang negara,negative
"yang untung toke ayam, toke ikan dan toke2 lainnya, harga jadi naik jadi yang toke2 lha yang banyak untung.",negative
namanya jg proyek ya hrs ribet biar korupsi 🤣🤣🤣,negative
temp keren dan terpercaya,positive
ternyata jadi proyek kader partai tertentu toh dengan alasan yayasan...🤭🤭,negative
"roda baru mulai, udah jahannam.... ngk ada yang bener memang presiden di konoho.",negative
rugi milih prabowo...,negative
mbg itu berarti bukan program pemerintah tetapi proyek partai,negative
"mega proyek ikn dan mbg sudah pasti potensi korupsi pasti sangat mungkin terjadi, disana mereka bagi-bagi jatah proyek. kontraktor dapat proyek, pejabat dapat fee proyek...",negative
knp tempo tidak mengupas ijazah kw mulyono. 🤔🤔🤔🤔,neutral
"berobat gratis, pendidikan gratis lebih realistis. penghasilan keluarga yang pas2an bisa untuk makan bergizi sekeluarga bila tak nanggung biaya sekolah dan berobat. mbg hanya pas untuk daerah yang penduduknya memang masih kesulitan pangan, misal daerah pedalaman. di kebamyakan wilayah banyak mubazirnya",negative
"indonesia mungkin kalah dalam berbagai bidang dan teknologi, tapi percayalah indonesia yang terhebat dalam korupsi",negative
mbg banyak yang tidak tepat sasaran,negative
"waktu kampanye maniiiiiiis sekali di telinga, para2 jubir blng program ini akan menghidupkan perekonomian umkm di sktr sekolah 🤣 udah berbinar2 tuh ibu2 kantin n warteg2 yang lokasinya dkt sekolahan ngira diri mreka yang akan dirangkul untuk masak n mnjdi vendor 🤭",negative
klu beli majalah tempo di palembang di mana ya min. .,neutral
"sy sebagai pedang merasakan dampak buruk dari adanya mbg.. harga beberapa barang menjadi sangat mahal dan susah di dapat. beberapa sales dari distributor barang mengatakan stock barang sudah di borong mbg..terutama untuk susu uht dan roti jenis marie. tidak ada ceritanya dapur belanja di toko2 sekitar.. untuk retail retail grosir besae macam indogrosir,lotte grosir isinya mobil mbg semua.. yang katanya akan memberdayakan umkm pretttttttt....",negative
masih adakah mbg itu ??? 😂😂😂😂,negative
biasalah... survai dulu yang detail... baru bicara... dan biarkanlah data yang bicara... jangan mulut... biar fair dan ada fakta,negative
"tolong hati hati pelaksana mbg ,harus dipertanggung jawabkan dalam mengelolanya,jujur aman tertib .okeh",negative
"setuju, rata² pemegang suplai ke mbg org² partai",negative
tidak habis pikir sama orang yang lebih mikirin nasib anak koruptor dari pada nasib jutaan anak2 indonesia korban kesadisan koruptor.,negative
masyarakat indonesia? yang danai george soros. 😅,neutral
mbg tempatnya orang memperkaya harta.,negative
mbg hny menguntungkan segelelintir org... menurunkan penjualan pedagang kecil dll. menghabiskan duit rakyat tpi tidak ada manfaatnya. stop mbg ganti dananya untuk meningkatkn kualitas pendidikn,negative
"bener banget proyek itu kebanyakan yang dapet orang terdekat prabowo,di daerah saya ada dapur mbg dan yang punya itu tni 😂",negative
"malas gua belangganan, yang diberitakan engga jelas, yang viral apa yang dibahas apa, kocak kocak majalah jon torusss, pantesan dibilang pendana asing, emang iya kalau kayak temponya gini, mungkin pendukung mulyono hahaha",negative
"buat para pengkritik program pemerintahan prabowo,, sebaiknya berlaku sama dgn prabowo. jgn melihat realita kehidupan masyarakat dari dekat,,, tapi lihat lah dari atas pesawat yang lagi terbang,,, pasti indonesia terlihat baik baik saja dan rakyat nya bahagia😂😂",negative
dimana ada makan gratis ... ada juga ngasih mie 1 bks.,neutral
tanyakan pada rumput tetangga sebelah!!!!!!!,neutral
"semua bantuan, subsidi, bansos, apapun namanya yang diuntungkan jelas pejabat yang kelihatan berhati mulia. padalah itu duit pembayar pajak itu yang jarang ada yang berani mengakui",negative
hey berisik lu konyol banget sih,negative
🥱,neutral
sarang korupsi,negative
"mau kebijakan,mau program ,mau aturan,mau undang2 yang penting jadi cuan...🤣🤣🤣🤣🤣🤣",
sejauh ini program ini membantu pemenuhan gizi siswa,positive
di daerah saya mbg membantu anak sekolah mendapatkan makanan bergizi buat masyarakat kecil,positive
saya lihat pelaksanaan mbg berbeda di tiap daerah hingga sekarang,neutral
menurut saya program ini membantu pemenuhan gizi siswa mantap sih,positive
yang saya baca masyarakat masih mengikuti perkembangan progam hingga sekarang ya,neutral
menurut saya program ini meringankan beban orang tua untuk masa depan anak,positive
sejauh ini kebijakan ini cukup bermanfaat bagi keluarga mantap sih,positive
kalau dilihat mbg membantu anak sekolah mendapatkan makanan bergizi sih,positive
setelah program berjalan mbg membantu anak sekolah mendapatkan makanan bergizi semoga makin baik,positive
jujur program ini membantu pemenuhan gizi siswa,positive
dari berita pelaksanaan program masih dievaluasi untuk saat ini,neutral
kalau dilihat program ini membantu pemenuhan gizi siswa,positive
beberapa warga mengeluhkan masih ada laporan masalah teknis semoga diperbaiki,negative
menurut saya program ini membantu pemenuhan gizi siswa,positive
informasinya pelaksanaan program masih dievaluasi di beberapa wilayah ya,neutral
dari berita program mbg masih berjalan bertahap hingga sekarang,neutral
jujur langkah ini layak diapresiasi mantap sih,positive
sejauh ini kebijakan ini cukup bermanfaat bagi keluarga buat masyarakat kecil,positive
sejauh yang saya tahu pelaksanaan mbg berbeda di tiap daerah,neutral
setelah program brjalan langkah ini layak diapresiasi untuk masa depan anak,positive
yang saya lihat kebijakan ini cukup bermanfaat bagi keluarga semoga berlanjut,positive
yang jadi masalah masih ada laporan masalah teknis semoga diperbaiki,negative
buat saya program ini meringankan beban orang tua,positive
sejauh yang saya tahu pelaksanaan mbg berbeda di tiap daerah,neutral
saya lihat masyarakat masih mengikuti perkembangan progam sih,neutral
saya lihat banyak pihak memantau perkembangan mbg hingga sekarang,neutral
yang saya lihat kebijakan ini cukup bermanfaat bagi keluarga,positive
kalau dilihat manfaat program mulai terasa semoga makin baik,positive
setahu saya banyak pihak memantau perkembangan mbg di beberapa wilayah,neutral
di daerah saya anak anak terlihat lebih semangat belajar sih,positive
sejauh yang saya tahu program mbg masih berjalan bertahap di beberapa wilayah,neutral
jujur program ini meringankan beban orang tua semoga makin baik,positive
menurut saya langkah ini layak diapresiasi semoga berlanjut wkwk,positive
sejauh ini manfaat program mulai terasa semoga berlanjut,positive
saya masih melihat masih ada kendala distribusi semoga diperbaiki,negative
dari berita banyak pihak memantau perkembangan mbg untuk saat ini,neutral
sejauh ini anak anak terlihat lebih semangat belajar semoga berlanjut,positive
beberapa warga mengeluhkan anggaran progam memunculkan pertanyaan ke depannya sih,negative
beberapa warga mengeluhkan pelaksanaan mbg belum merata,negative
yang saya lihat anak anak terlihat lebih semangat belajar semoga makin baik,positive
saya lihat program ini melibatkan sekolah dan pemerintah,neutral
menurut saya masih ada kendala distribusi,negative
kalau dilihat anak anak terlihat lebih semangat belajar untuk masa depan anak,positive
sejauh yang saya tahu program ini melibatkan sekolah dan pemerintah hingga sekarang,neutral
kalau dilihat manfaat program mulai terasa untuk masa depan anak,positive
saya masih melihat anggaran program memunculkan pertanyaan semoga diperbaiki,negative
beberapa warga mengeluhkan implementasi di lapangan masih kurang maksimal,negative
informasinya pelaksanaan mbg berbeda di tiap daerah di beberapa wilayah,neutral
sejauh ini program ini meringankan beban orang tua untuk masa depan anak,positive
kalau dilihat program ini membantu pemenuhan gizi siswa semoga makin baik,positive
jujur saja pengawasan program perlu ditingkatkan,negative
jujur kebijakan ini cukup bermanfaat bagi keluarga semoga makin baik,positive
setelah program berjalan pelaksanaan program berjalan cukup baik buat masyarakat kecil,positive
jujur saja pengawasan program perlu ditingkatkan ke depannya,negative
di daerah saya kebijakan ini cukup bermanfaat bagi keluarga untuk masa depan anak,positive
menurut saya program ini membantu pemenuhan gizi siswa buat masyarakat kecil,positive
informasinya pelaksanaan program masih dievaluasi,neutral
jujur manfaat program mulai terasa buat masyarakat kecil,positive
buat saya anak anak terlihat lebih semangat belajar buat masyarakat kecil,positive
yang saya baca masyarakat masih mengikuti perkembangan program,neutral
yang saya lihat pelaksanaan program berjalan cukup baik wkwk,positive
kalau tidak salah pelaksanaan mbg berbeda di tiap daerah untuk saat ini,neutral
yang saya baca masyarakat masih mengikuti perkembangan program,neutral
kalau dilihat program ini meringankan beban orang tua semoga berlanjut,positive
di daerah saya program ini meringankan beban orgtua untuk masa depan anak,positive
kalau dilihat pelaksanaan program berjalan cukup baik untuk masa depan anak,positive
sejauh ini pelaksanaan program berjalan cukup baik semoga makin baik,positive
informasinya topik mbg sering dibahas di media di beberapa wilayah,neutral
sejauh yang saya tahu program mbg masih berjalan bertahap hingga sekarang,neutral
menurut saya pengawasan program perlu ditingkatkan,negative
saya masih melihat pengawasan program perlu ditingkatkan semoga diperbaiki,negative
kalau tidak salah topik mbg sering dibahas di media,neutral
menurut saya anak anak terlihat lebih semangat belajar semoga berlanjut,positive
buat saya mbg membantu anak sekolah mendapatkan makanan bergizi untuk masa depan anak,positive
setahu saya program mbg masih berjalan bertahap di beberapa wilayah,neutral
menurut saya implementasi di lapangan masih kurang maksimal ke depannya,negative
saya lihat banyak pihak memantau perkembangan mbg secara umum,neutral
sejauh ini program ini meringankan beban orgtua,positive
kalau dilihat langkah ini layak diapresiasi,positive
jujur program ini membantu pemenuhan gizi siswa mantap sih,positive
saya masih melihat masih ada laporan masalah teknis,negative
kalau tidak salah program ini melibatkan sekolah dan pemerintah,neutral
setahu saya pelaksanaan mbg berbeda di tiap daerah untuk saat ini,neutral
saya masih melihat masih ada laporan masalah teknis,negative
di daerah saya kebijakan ini cukup bermanfaat bagi keluarga,positive
yang jadi masalah masih ada laporan masalah teknis,negative
jujur saja pelaksanaan mbg belum merata ke depannya,negative
informasinya program ini melibatkan sekolah dan pemerintah di beberapa wilayah ya,neutral
jujur program ini membantu pemenuhan gizi siswa semoga berlanjut,positive
kalau dilihat kebijakan ini cukup bermanfaat bagi keluarga,positive
yang saya baca topik mbg sering dibahas di media secara umum,neutral
saya lihat pelaksanaan program masih dievaluasi untuk saat ini,neutral
jujur mbg membantu anak sekolah mendapatkan makanan bergizi mantap sih,positive
kalau dilihat langkah ini layak diapresiasi mantap sih,positive
sejauh ini mbg membantu anak sekolah mendapatkan makanan bergizi semoga berlanjut,positive
dari berita pelaksanaan mbg berbeda di tiap daerah,neutral
beberapa warga mengeluhkan pelaksanaan mbg belum merata,negative
informasinya topik mbg sering dibahas di media secara umum,neutral
menurut saya anak anak terlihat lebih semangat belajar,positive
menurut saya pelaksanaan program berjalan cukup baik mantap sih,positive
setelah program berjalan anak anak terlihat lebih semangat belajar,positive
buat saya kebijakan ini cukup bermanfaat bagi keluarga untuk masa depan anak wkwk,positive
sejauh ini mbg membantu anak sekolah mendapatkan makanan bergizi mantap sih,positive
saya lihat program mbg masih berjalan bertahap secara umum wkwk,neutral
jujur kebijakan ini cukup bermanfaat bagi keluarga,positive
buat saya manfaat program mulai terasa buat masyarakat kecil wkwk,positive
kalau tidak salah topik mbg sering dibahas di media untuk saat ini,neutral
setelah program berjalan manfaat program mulai terasa untuk masa depan anak,positive
yang saya baca topik mbg sering dibahas di media ya,neutral
di daerah saya anak anak terlihat lebih semangat belajar buat masyarakat kecil,positive
yang saya lihat program ini membantu pemenuhan gizi siswa semoga berlanjut,positive
dari berita program ini melibatkan sekolah dan pemerintah,neutral
buat saya langkah ini layak diapresiasi mantap sih,positive
setelah program berjalan manfaat program mulai terasa buat masyarakat kecil,positive
di daerah saya langkah ini layak diapresiasi semoga berlanjut,positive
jujur langkah ini layak diapresiasi semoga makin baik,positive
setahu saya program mbg masih berjalan bertahap untuk saat ini,neutral
kalau tidak salah program ini melibatkan sekolah dan pemerintah hingga sekarang,neutral
sejauh ini anak anak terlihat lebih semangat belajar buat masyarakat kecil,positive
yang saya lihat kebijakan ini cukup bermanfaat bagi keluarga,positive
sejauh ini mbg membantu anak sekolah mendapatkan makanan bergizi,positive
kalau tidak salah pelaksanaan program masih dievaluasi,neutral
sejauh yang saya tahu masyarakat masih mengikuti perkembangan progam,neutral
yang saya baca topik mbg sering dibahas di media,neutral
di daerah saya mbg membantu anak sekolah mendapatkan makanan bergizi sih,positive
kalau dilihat kebijakan ini cukup bermanfaat bagi keluarga semoga berlanjut,positive
beberapa warga mengeluhkan pengawasan program perlu ditingkatkan semoga diperbaiki,negative
saya masih melihat pelaksanaan mbg belum merata smoga diperbaiki,negative
di daerah saya manfaat program mulai terasa buat masyarakat kecil,positive
sejauh yang saya tahu program mbg masih berjalan bertahap,neutral
yang jadi masalah masih ada kendala distribusi perlu evaluasi,negative
kalau tidak salah program ini melibatkan sekolah dan pemerintah untuk saat ini,neutral
jujur saja pelaksanaan mbg belum merata semoga diperbaiki,negative
dari berita progam mbg masih berjalan bertahap,neutral
saya masih melihat pelaksanaan mbg belum merata perlu evaluasi,negative
yang saya lihat langkah ini layak diapresiasi untuk masa depan anak,positive
jujur saja implementasi di lapangan masih kurang maksimal ke depannya,negative
kalau dilihat anak anak terlihat lebih semangat belajar,positive
jujur saja pelaksanaan mbg belum merata,negative
jujur mbg membantu anak sekolah mendapatkan makanan bergizi,positive
yang saya lihat manfaat program mulai terasa,positive
kalau dilihat manfaat program mulai terasa buat masyarakat kecil,positive
saya masih melihat implementasi di lapangan masih kurang maksimal ke depannya,negative
dari berita topik mbg sering dibahas di media wkwk,neutral
dari berita program ini melibatkan sekolah dan pemerintah secara umum,neutral
di daerah saya program ini membantu pemenuhan gizi siswa,positive
setelah program berjalan langkah ini layak diapresiasi semoga makin baik,positive
sejauh yang saya tahu program mbg masih berjalan bertahap secara umum,neutral
yang saya lihat anak anak terlihat lebih semangat belajar untuk masa depan anak,positive
sejauh yang saya tahu banyak pihak memantau perkembangan mbg hingga sekarang,neutral
menurut saya pengawasan program perlu ditingkatkan perlu evaluasi,negative
kalau dilihat anak anak terlihat lebih semangat belajar semoga makin baik,positive
menurut saya anak anak terlihat lebih semangat belajar buat masyarakat kecil,positive
yang saya lihat pelaksanaan program berjalan cukup baik untuk masa depan anak,positive
sejauh ini kebijakan ini cukup bermanfaat bagi keluarga nih,positive
di daerah saya pelaksanaan program brjalan cukup baik buat masyarakat kecil,positive
jujur saja masih ada kendala distribusi,negative
menurut saya pengawasan program perlu ditingkatkan ke depannya,negative
sejauh ini anak anak terlihat lebih semangat belajar mantap sih,positive
informasinya banyak pihak memantau perkembangan mbg ya,neutral
di daerah saya langkah ini layak diapresiasi buat masyarakat kecil,positive
yang saya lihat langkah ini layak diapresiasi,positive
yang jadi masalah anggaran program memunculkan pertanyaan ke depannya nih,negative
buat saya pelaksanaan program berjalan cukup baik mantap sih,positive
sejauh ini manfaat program mulai terasa buat masyrakat kecil,positive
buat saya langkah ini layak diapresiasi semoga makin baik,positive
saya lihat banyak pihak memantau perkembangan mbg,neutral
sejauh yang saya tahu masyarakat masih mengikuti perkembangan program secara umum,neutral
setelah program berjalan anak anak terlihat lebih semangat belajar semoga berlanjut,positive
buat saya langkah ini layak diapresiasi,positive
di daerah saya pelaksanaan program berjalan cukup baik mantap sih,positive
yang saya baca banyak pihak memantau perkembangan mbg,neutral
sejauh ini langkah ini layak diapresiasi,positive
beberapa warga mengeluhkan pelaksanaan mbg belum merata ke depannya,negative
jujur saja anggaran program memunculkan pertanyaan ke depannya ya,negative
di daerah saya kebijakan ini cukup bermanfaat bagi keluarga semoga berlanjut,positive
dari berita pelaksanaan program masih dievaluasi,neutral
setahu saya banyak pihak memantau perkembangan mbg untuk saat ini,neutral
dari berita pelaksanaan mbg berbeda di tiap daerah secara umum,neutral
sejauh yang saya tahu pelaksanaan mbg berbeda di tiap daerah secara umum,neutral
saya masih melihat masih ada kendala distribusi,negative
menurut saya mbg membantu anak sekolah mendapatkan makanan bergizi mantap sih,positive
sejauh ini program ini membantu pemenuhan gizi siswa semoga berlanjut,positive
buat saya anak anak terlihat lebih semangat belajar untuk masa depan anak,positive
saya masih melihat masih ada laporan masalah teknis semoga diperbaiki,negative
informasinya banyak pihak memantau perkembangan mbg secara umum,neutral
di daerah saya langkah ini layak diapresiasi semoga makin baik,positive
setahu saya program ini melibatkan sekolah dan pemerintah sih,neutral
di daerah saya manfaat program mulai terasa,positive
kalau tidak salah masyarakat masih mengikuti perkembangan program,neutral
sejauh ini program ini membantu pemenuhan gizi siswa untuk masa depan anak,positive
kalau dilihat kebijakan ini cukup bermanfaat bagi keluarga,positive
sejauh ini manfaat program mulai terasa,positive
jujur saja implementasi di lapangan masih kurang maksimal semoga diperbaiki,negative
informasinya pelaksanaan mbg berbeda di tiap daerah hingga sekarang nih,neutral
jujur program ini meringankan beban orang tua,positive
yang saya lihat mbg membantu anak sekolah mendapatkan makanan bergizi,positive
jujur kebijakan ini cukup bermanfaat bagi keluarga untuk masa depan anak,positive
saya lihat masyarakat masih mengikuti perkembangan program secara umum,neutral
yang saya baca program mbg masih berjalan bertahap di beberapa wilayah wkwk,neutral
di daerah saya anak anak terlihat lebih semangat belajar semoga berlanjut sih,positive
menurut saya anak anak terlihat lebih semangat belajar untuk masa depan anak,positive
yang saya baca program mbg masih berjalan bertahap,neutral
setelah program berjalan program ini meringankan beban orang tua,positive
yang jadi masalah pelaksanaan mbg belum merata,negative
jujur program ini meringankan beban orang tua semoga berlanjut,positive
setelah program brjalan langkah ini layak diapresiasi mantap sih nih,positive
menurut saya anak anak terlihat lebih semangat belajar mantap sih sih,positive
jujur manfaat progam mulai terasa untuk masa depan anak,positive
sejauh ini program ini membantu pemenuhan gizi siswa buat masyarakat kecil ya,positive
buat saya kebijakan ini cukup bermanfaat bagi keluarga semoga berlanjut,positive
sejauh ini pelaksanaan program berjalan cukup baik,positive
sejauh ini manfaat program mulai terasa semoga makin baik,positive
sejauh ini pelaksanaan program berjalan cukup baik,positive
sejauh yang saya tahu pelaksanaan program masih dievaluasi hingga sekarang,neutral
jujur saja anggaran program memunculkan pertanyaan perlu evaluasi ya,negative
setelah program brjalan anak anak terlihat lebih semangat belajar,positive
di daerah saya mbg membantu anak sekolah mendapatkan makanan bergizi,positive
beberapa warga mengeluhkan masih ada kendala distribusi ke depannya,negative
beberapa warga mengeluhkan anggaran program memunculkan pertanyaan perlu evaluasi,negative
menurut saya anak anak terlihat lebih semangat belajar,positive
setahu saya pelaksanaan mbg berbeda di tiap daerah,neutral
jujur mbg membantu anak sekolah mendapatkan makanan bergizi buat masyarakat kecil,positive
setelah progam berjalan kebijakan ini cukup bermanfaat bagi keluarga,positive
buat saya mbg membantu anak sekolah mendapatkan makanan bergizi,positive
jujur pelaksanaan program berjalan cukup baik,positive
yang saya lihat mbg membantu anak sekolah mendapatkan makanan bergizi semoga makin baik,positive
jujur anak anak terlihat lebih semangat belajar,positive
di daerah saya program ini membantu pemenuhan gizi siswa semoga makin baik,positive
kalau tidak salah topik mbg sering dibahas di media di beberapa wilayah,neutral
buat saya program ini membantu pemenuhan gizi siswa mantap sih,positive
yang saya lihat program ini membantu pemenuhan gizi siswa,positive
kalau dilihat progam ini membantu pemenuhan gizi siswa untuk masa depan anak,positive
di daerah saya pelaksanaan program berjalan cukup baik semoga makin baik,positive
kalau tidak salah masyarakat masih mengikuti perkembangan program hingga sekarang,neutral
di daerah saya langkah ini layak diapresiasi,positive
dari berita pelaksanaan program masih dievaluasi di beberapa wilayah,neutral
kalau tidak salah program mbg masih berjalan bertahap,neutral
sejauh ini pelaksanaan program berjalan cukup baik untuk masa depan anak,positive
setelah program berjalan program ini membantu pemenuhan gizi siswa mantap sih,positive
menurut saya manfaat progam mulai terasa untuk masa depan anak,positive
dari berita pelaksanaan program masih dievaluasi hingga sekarang,neutral
jujur manfaat program mulai terasa sih,positive
beberapa warga mengeluhkan masih ada laporan masalah teknis ke depannya,negative
saya masih melihat implementasi di lapangan masih kurang maksimal,negative
sejauh ini langkah ini layak diapresiasi,positive
menurut saya langkah ini layak diapresiasi untuk masa depan anak,positive
menurut saya mbg membantu anak sekolah mendapatkan makanan bergizi wkwk,positive
sejauh ini kebijakan ini cukup bermanfaat bagi keluarga semoga makin baik,positive
buat saya anak anak terlihat lebih semangat belajar semoga berlanjut,positive
menurut saya program ini meringankan beban orgtua,positive
setelah program berjalan manfaat program mulai terasa,positive
yang jadi masalah masih ada laporan masalah teknis ke depannya,negative
kalau dilihat langkah ini layak diapresiasi buat masyarakat kecil,positive
menurut saya langkah ini layak diapresiasi,positive
buat saya manfaat program mulai terasa untuk masa depan anak,positive
saya lihat pelaksanaan program masih dievaluasi secara umum,neutral
kalau dilihat mbg membantu anak sekolah mendapatkan makanan bergizi,positive
setelah program berjalan pelaksanaan program berjalan cukup baik,positive
yang saya lihat manfaat program mulai terasa untuk masa depan anak,positive
sejauh yang saya tahu banyak pihak memantau perkembangan mbg untuk saat ini,neutral
yang saya lihat program ini meringankan beban orang tua nih,positive
buat saya manfaat program mulai terasa semoga makin baik,positive
kalau tidak salah pelaksanaan program masih dievaluasi hingga sekarang sih,neutral
buat saya program ini membantu pemenuhan gizi siswa buat masyarakat kecil,positive
setelah program berjalan pelaksanaan program berjalan cukup baik mantap sih,positive
saya lihat topik mbg sering dibahas di media untuk saat ini,neutral
setelah program berjalan kebijakan ini cukup bermanfaat bagi keluarga semoga makin baik,positive
yang jadi masalah anggaran program memunculkan pertanyaan perlu evaluasi,negative
menurut saya manfaat program mulai terasa semoga berlanjut,positive
jujur saja pelaksanaan mbg belum merata perlu evaluasi,negative
dari berita pelaksanaan program masih dievaluasi secara umum,neutral
yang saya lihat program ini meringankan beban orgtua,positive
informasinya program mbg masih berjalan bertahap,neutral
menurut saya program ini meringankan beban orang tua,positive
yang saya baca program mbg masih berjalan bertahap secara umum,neutral
informasinya banyak pihak memantau perkembangan mbg di beberapa wilayah,neutral
saya lihat pelaksanaan mbg berbeda di tiap daerah di beberapa wilayah nih,neutral
kalau tidak salah program ini melibatkan sekolah dan pemerintah secara umum,neutral
jujur anak anak terlihat lebih semangat belajar buat masyarakat kecil,positive
kalau dilihat mbg membantu anak sekolah mendapatkan makanan bergizi semoga makin baik,positive
sejauh yang saya tahu program mbg masih berjalan bertahap untuk saat ini,neutral
buat saya program ini meringankan beban orang tua,positive
dari berita program ini melibatkan sekolah dan pemerintah hingga sekarang,neutral
sejauh yang saya tahu topik mbg sering dibahas di media secara umum,neutral
jujur anak anak terlihat lebih semangat belajar,positive
beberapa warga mengeluhkan masih ada laporan masalah teknis,negative
yang saya lihat manfaat program mulai terasa semoga makin baik,positive
yang saya lihat kebijakan ini cukup bermanfaat bagi keluarga buat masyarakat kecil sih,positive
setelah program berjalan langkah ini layak diapresiasi buat masyarakat kecil,positive
setahu saya topik mbg sering dibahas di media hingga sekarang,neutral
yang saya lihat mbg membantu anak sekolah mendapatkan makanan bergizi,positive
menurut saya kebijakan ini cukup bermanfaat bagi keluarga semoga makin baik,positive
sejauh ini pelaksanaan program berjalan cukup baik semoga berlanjut,positive
menurut saya langkah ini layak diapresiasi,positive
sejauh ini kebijakan ini cukup bermanfaat bagi keluarga untuk masa depan anak,positive
informasinya program mbg masih brjalan bertahap secara umum sih,neutral
jujur langkah ini layak diapresiasi buat masyarakat kecil,positive
kalau tidak salah pelaksanaan program masih dievaluasi,neutral
setelah program berjalan pelaksanaan program berjalan cukup baik semoga makin baik ya,positive
saya lihat pelaksanaan mbg berbeda di tiap daerah secara umum,neutral
yang jadi masalah pelaksanaan mbg belum merata semoga diperbaiki,negative
sejauh yang saya tahu topik mbg sering dibahas di media,neutral
informasinya program ini melibatkan sekolah dan pemerintah,neutral
setelah program berjalan mbg membantu anak sekolah mendapatkan makanan bergizi buat masyarakat kecil,positive
kalau dilihat manfaat program mulai terasa,positive
buat saya langkah ini layak diapresiasi buat masyarakat kecil,positive
jujur program ini meringankan beban orang tua,positive
setahu saya pelaksanaan program masih dievaluasi di beberapa wilayah,neutral
buat saya mbg membantu anak sekolah mendapatkan makanan bergizi buat masyrakat kecil,positive
menurut saya pelaksanaan program berjalan cukup baik semoga berlanjut nih,positive
kalau dilihat kebijakan ini cukup bermanfaat bagi keluarga untuk masa depan anak,positive
buat saya langkah ini layak diapresiasi untuk masa depan anak,positive
setahu saya masyarakat masih mengikuti perkembangan program untuk saat ini,neutral
yang jadi masalah anggaran program memunculkan pertanyaan semoga diperbaiki,negative
yang saya lihat program ini membantu pemenuhan gizi siswa buat masyarakat kecil ya,positive
saya lihat pelaksanaan program masih dievaluasi hingga sekarang,neutral
saya lihat program mbg masih berjalan bertahap di beberapa wilayah,neutral
setelah program berjalan anak anak terlihat lebih semangat belajar untuk masa depan anak,positive
menurut saya masih ada laporan masalah teknis perlu evaluasi,negative
setahu saya pelaksanaan program masih dievaluasi,neutral
sejauh ini anak anak terlihat lebih semangat belajar semoga makin baik,positive
buat saya mbg membantu anak sekolah mendapatkan makanan bergizi semoga berlanjut,positive
kalau tidak salah banyak pihak memantau perkembangan mbg secara umum,neutral
kalau dilihat anak anak terlihat lebih semangat belajar,positive
buat saya mbg membantu anak sekolah mendapatkan makanan bergizi,positive
sejauh ini program ini meringankan beban orang tua,positive
menurut saya kebijakan ini cukup bermanfaat bagi keluarga untuk masa depan anak ya,positive
menurut saya anak anak terlihat lebih semangat belajar semoga makin baik,positive
jujur pelaksanaan program berjalan cukup baik untuk masa depan anak,positive
kalau dilihat mbg membantu anak sekolah mendapatkan makanan bergizi untuk masa depan anak,positive
menurut saya mbg membantu anak sekolah mendapatkan makanan bergizi,positive
menurut saya manfaat program mulai terasa,positive
buat saya pelaksanaan program berjalan cukup baik semoga makin baik,positive
yang jadi masalah anggaran program memunculkan pertanyaan sih,negative
sejauh yang saya tahu pelaksanaan program masih dievaluasi di beberapa wilayah,neutral
sejauh ini program ini membantu pemenuhan gizi siswa mantap sih wkwk,positive
jujur kebijakan ini cukup bermanfaat bagi keluarga semoga berlanjut nih,positive
buat saya anak anak terlihat lebih semangat belajar wkwk,positive
jujur saja masih ada kendala distribusi smoga diperbaiki,negative
sejauh ini anak anak terlihat lebih semangat belajar,positive
buat saya manfaat program mulai terasa,positive
sejauh ini mbg membantu anak sekolah mendapatkan makanan bergizi untuk masa depan anak ya,positive
informasinya program mbg masih berjalan bertahap untuk saat ini,neutral
kalau dilihat manfaat program mulai terasa,positive
jujur saja implementasi di lapangan masih kurang maksimal ya,negative
yang jadi masalah pengawasan program perlu ditingkatkan perlu evaluasi sih,negative
buat saya program ini meringankan beban orang tua untuk masa depan anak,positive
yang jadi masalah anggaran program memunculkan pertanyaan,negative
dari berita program mbg masih berjalan bertahap secara umum,neutral
kalau tidak salah program mbg masih berjalan bertahap hingga sekarang,neutral
setahu saya pelaksanaan mbg berbeda di tiap daerah secara umum,neutral
jujur langkah ini layak diapresiasi,positive
menurut saya langkah ini layak diapresiasi mantap sih,positive
sejauh ini mbg membantu anak sekolah mendapatkan makanan bergizi buat masyarakat kecil,positive
saya lihat banyak pihak memantau perkembangan mbg untuk saat ini,neutral
jujur langkah ini layak diapresiasi,positive
jujur saja masih ada laporan masalah teknis perlu evaluasi,negative
di daerah saya langkah ini layak diapresiasi,positive
kalau dilihat anak anak terlihat lebih semangat belajar,positive
yang jadi masalah implementasi di lapangan masih kurang maksimal perlu evaluasi,negative
jujur manfaat program mulai terasa semoga berlanjut nih,positive
buat saya mbg membantu anak sekolah mendapatkan makanan bergizi semoga makin baik,positive
jujur saja pelaksanaan mbg belum merata,negative
yang saya lihat langkah ini layak diapresiasi smoga makin baik,positive
beberapa warga mengeluhkan masih ada kendala distribusi perlu evaluasi,negative
setelah program berjalan manfaat program mulai terasa semoga berlanjut,positive
yang jadi masalah pelaksanaan mbg belum merata,negative
menurut saya program ini meringankan beban orang tua buat masyarakat kecil,positive
kalau tidak salah pelaksanaan program masih dievaluasi untuk saat ini,neutral
saya lihat pelaksanaan program masih dievaluasi di beberapa wilayah,neutral
yang jadi masalah pengawasan program perlu ditingkatkan,negative
saya lihat pelaksanaan program masih dievaluasi ya,neutral
yang saya lihat pelaksanaan program berjalan cukup baik,positive
kalau tidak salah program mbg masih berjalan bertahap untuk saat ini,neutral
saya lihat progam ini melibatkan sekolah dan pemerintah untuk saat ini,neutral
jujur langkah ini layak diapresiasi,positive
menurut saya pelaksanaan program berjalan cukup baik,positive
saya lihat program mbg masih berjalan bertahap hingga sekarang,neutral
informasinya program mbg masih berjalan bertahap di beberapa wilayah,neutral
jujur langkah ini layak diapresiasi untuk masa depan anak,positive
dari berita topik mbg sering dibahas di media untuk saat ini,neutral
kalau dilihat manfaat program mulai terasa mantap sih,positive
kalau tidak salah banyak pihak memantau perkembangan mbg di beberapa wilayah,neutral
sejauh yang saya tahu banyak pihak memantau perkembangan mbg,neutral
yang saya lihat pelaksanaan program berjalan cukup baik buat masyarakat kecil,positive
menurut saya pelaksanaan mbg belum merata perlu evaluasi,negative
buat saya pelaksanaan program berjalan cukup baik buat masyarakat kecil,positive
kalau tidak salah pelaksanaan mbg berbeda di tiap daerah di beberapa wilayah,neutral
beberapa warga mengeluhkan masih ada kendala distribusi,negative
jujur mbg membantu anak sekolah mendapatkan makanan bergizi,positive
menurut saya program ini membantu pemenuhan gizi siswa,positive
menurut saya pelaksanaan program berjalan cukup baik smoga makin baik,positive
yang saya baca program ini melibatkan sekolah dan pemerintah untuk saat ini,neutral
kalau tidak salah banyak pihak memantau perkembangan mbg,neutral
sejauh yang saya tahu pelaksanaan program masih dievaluasi secara umum,neutral
beberapa warga mengeluhkan masih ada laporan masalah teknis perlu evaluasi,negative
yang saya baca pelaksanaan mbg berbeda di tiap daerah untuk saat ini,neutral
saya lihat topik mbg sering dibahas di media,neutral
kalau tidak salah banyak pihak memantau perkembangan mbg hingga sekarang,neutral
menurut saya implementasi di lapangan masih kurang maksimal,negative
yang jadi masalah pelaksanaan mbg belum merata ke depannya nih,negative
yang jadi masalah masih ada laporan masalah teknis,negative
kalau dilihat program ini membantu pemenuhan gizi siswa,positive
sejauh yang saya tahu banyak pihak memantau perkembangan mbg ya,neutral
setelah program berjalan manfaat program mulai terasa semoga makin baik,positive
kalau tidak salah masyarakat masih mengikuti perkembangan program untuk saat ini ya,neutral
informasinya masyarakat masih mengikuti perkembangan program untuk saat ini sih,neutral
sejauh yang saya tahu program mbg masih berjalan bertahap,neutral
buat saya manfaat program mulai terasa semoga berlanjut nih,positive
buat saya program ini meringankan beban orang tua,positive
menurut saya manfaat program mulai terasa,positive
jujur program ini meringankan beban orang tua mantap sih,positive
di daerah saya kebijakan ini cukup bermanfaat bagi keluarga,positive
menurut saya masih ada laporan masalah teknis,negative
kalau tidak salah program mbg masih berjalan bertahap secara umum,neutral
menurut saya masih ada kendala distribusi perlu evaluasi,negative
yang saya lihat manfaat program mulai terasa semoga berlanjut,positive
yang saya lihat program ini meringankan beban orang tua semoga makin baik,positive
sejauh ini mbg membantu anak sekolah mendapatkan makanan bergizi,positive
jujur saja pengawasan program perlu ditingkatkan,negative
kalau dilihat kebijakan ini cukup bermanfaat bagi keluarga mantap sih,positive
saya masih melihat pengawasan program perlu ditingkatkan nih,negative
kalau dilihat manfaat program mulai terasa semoga berlanjut ya,positive
dari berita masyarakat masih mengikuti perkembangan program,neutral
menurut saya program ini membantu pemenuhan gizi siswa semoga makin baik,positive
saya lihat topik mbg sering dibahas di media hingga sekarang,neutral
informasinya program ini melibatkan sekolah dan pemerintah,neutral
yang saya baca program ini melibatkan sekolah dan pemerintah,neutral
sejauh ini mbg membantu anak sekolah mendapatkan makanan bergizi semoga makin baik,positive
yang saya baca progam ini melibatkan sekolah dan pemerintah,neutral
menurut saya manfaat program mulai terasa semoga makin baik,positive
kalau tidak salah pelaksanaan progam masih dievaluasi di beberapa wilayah,neutral
setelah program berjalan kebijakan ini cukup bermanfaat bagi keluarga untuk masa depan anak,positive
di daerah saya manfaat program mulai terasa,positive
menurut saya masih ada laporan masalah teknis ke depannya ya,negative
menurut saya langkah ini layak diapresiasi buat masyarakat kecil,positive
dari berita topik mbg sering dibahas di media secara umum,neutral
saya lihat program mbg masih berjalan bertahap,neutral
dari berita topik mbg sering dibahas di media,neutral
beberapa warga mengeluhkan pengawasan program perlu ditingkatkan,negative
yang saya baca pelaksanaan mbg berbeda di tiap daerah hingga sekarang,neutral
kalau tidak salah program ini melibatkan sekolah dan pemerintah,neutral
di daerah saya kebijakan ini cukup bermanfaat bagi keluarga semoga makin baik,positive
buat saya program ini meringankan beban orang tua mantap sih,positive
setahu saya program ini melibatkan sekolah dan pemerintah di beberapa wilayah,neutral
buat saya pelaksanaan program berjalan cukup baik,positive
setelah program berjalan manfaat program mulai terasa ya,positive
menurut saya manfaat program mulai terasa,positive
informasinya masyarakat masih mengikuti perkembangan program secara umum,neutral
yang jadi masalah pengawasan program perlu ditingkatkan,negative
setelah program berjalan pelaksanaan program berjalan cukup baik semoga berlanjut,positive
menurut saya program ini membantu pemenuhan gizi siswa semoga berlanjut,positive
sejauh yang saya tahu pelaksanaan mbg berbeda di tiap daerah hingga sekarang wkwk,neutral
menurut saya pelaksanaan program berjalan cukup baik untuk masa depan anak,positive
yang saya baca pelaksanaan program masih dievaluasi secara umum ya,neutral
kalau tidak salah pelaksanaan mbg berbeda di tiap daerah secara umum,neutral
informasinya pelaksanaan mbg berbeda di tiap daerah,neutral
saya masih melihat anggaran program memunculkan pertanyaan ke depannya,negative
di daerah saya manfaat program mulai terasa untuk masa depan anak,positive
di daerah saya program ini membantu pemenuhan gizi siswa wkwk,positive
kalau dilihat kebijakan ini cukup bermanfaat bagi keluarga semoga makin baik sih,positive
kalau tidak salah program ini melibatkan sekolah dan pemerintah di beberapa wilayah,neutral
yang saya baca banyak pihak memantau perkembangan mbg,neutral
beberapa warga mengeluhkan masih ada kendala distribusi semoga diperbaiki,negative
dari berita masyarakat masih mengikuti perkembangan progam secara umum nih,neutral
setelah program berjalan manfaat program mulai terasa mantap sih,positive
saya lihat topik mbg sering dibahas di media,neutral
yang jadi masalah masih ada kendala distribusi,negative
dari berita program ini melibatkan sekolah dan pemerintah,neutral
setahu saya program ini melibatkan sekolah dan pemerintah hingga sekarang wkwk,neutral
kalau dilihat mbg membantu anak sekolah mendapatkan makanan bergizi semoga berlanjut wkwk,positive
jujur saja anggaran program memunculkan pertanyaan semoga diperbaiki,negative
saya lihat program ini melibatkan sekolah dan pemerintah,neutral
menurut saya pelaksanaan program berjalan cukup baik,positive
kalau dilihat program ini meringankan beban orgtua semoga makin baik,positive
kalau tidak salah program mbg masih berjalan bertahap,neutral
setelah progam berjalan kebijakan ini cukup bermanfaat bagi keluarga buat masyarakat kecil wkwk,positive
yang saya lihat langkah ini layak diapresiasi,positive
jujur anak anak terlihat lebih semangat belajar mantap sih,positive
kalau tidak salah pelaksanaan program masih dievaluasi secara umum,neutral
saya masih melihat anggaran program memunculkan pertanyaan,negative
saya masih melihat implementasi di lapangan masih kurang maksimal semoga diperbaiki,negative
jujur mbg membantu anak sekolah mendapatkan makanan bergizi,positive
yang saya baca banyak pihak memantau perkembangan mbg hingga sekarang,neutral
di daerah saya manfaat program mulai terasa semoga berlanjut,positive
jujur manfaat program mulai terasa,positive
yang saya baca pelaksanaan mbg berbeda di tiap daerah secara umum,neutral
menurut saya mbg membantu anak sekolah mendapatkan makanan bergizi semoga berlanjut ya,positive
sejauh ini pelaksanaan program berjalan cukup baik mantap sih,positive
yang saya baca pelaksanaan mbg berbeda di tiap daerah,neutral
jujur anak anak terlihat lebih semangat belajar semoga berlanjut,positive
sejauh yang saya tahu banyak pihak memantau perkembangan mbg secara umum,neutral
setelah program berjalan kebijakan ini cukup bermanfaat bagi keluarga,positive
menurut saya langkah ini layak diapresiasi,positive
menurut saya program ini meringankan beban orang tua semoga berlanjut,positive
sejauh ini pelaksanaan program berjalan cukup baik,positive
informasinya program mbg masih berjalan bertahap,neutral
menurut saya anggaran program memunculkan pertanyaan ke depannya sih,negative
jujur saja masih ada laporan masalah teknis ke depannya sih,negative
menurut saya program ini membantu pemenuhan gizi siswa,positive
yang saya baca program ini melibatkan sekolah dan pemerintah di beberapa wilayah,neutral
menurut saya kebijakan ini cukup bermanfaat bagi keluarga semoga berlanjut,positive
yang saya lihat mbg membantu anak sekolah mendapatkan makanan bergizi untuk masa depan anak,positive
di daerah saya kebijakan ini cukup bermanfaat bagi keluarga buat masyarakat kecil,positive
setelah program berjalan program ini meringankan beban orang tua mantap sih,positive
kalau dilihat pelaksanaan program berjalan cukup baik sih,positive
yang saya lihat anak anak terlihat lebih semangat belajar,positive
menurut saya masih ada kendala distribusi ke depannya,negative
yang saya baca pelaksanaan program masih dievaluasi hingga sekarang sih,neutral
buat saya manfaat program mulai terasa mantap sih,positive
kalau dilihat mbg membantu anak sekolah mendapatkan makanan bergizi buat masyarakat kecil,positive
di daerah saya kebijakan ini cukup bermanfaat bagi keluarga mantap sih,positive
buat saya manfaat program mulai terasa,positive
di daerah saya program ini meringankan beban orang tua,positive
setahu saya program ini melibatkan sekolah dan pemerintah untuk saat ini ya,neutral
dari berita topik mbg sering dibahas di media hingga sekarang wkwk,neutral
sejauh ini kebijakan ini cukup bermanfaat bagi keluarga semoga berlanjut,positive
yang saya baca pelaksanaan mbg berbeda di tiap daerah,neutral
setahu saya pelaksanaan program masih dievaluasi,neutral
menurut saya implementasi di lapangan masih kurang maksimal nih,negative
yang saya baca program mbg masih berjalan bertahap,neutral
di daerah saya pelaksanaan program berjalan cukup baik untuk masa depan anak,positive
setelah program berjalan anak anak terlihat lebih semangat belajar buat masyarakat kecil,positive
sejauh yang saya tahu program ini melibatkan sekolah dan pemerintah,neutral
menurut saya mbg membantu anak sekolah mendapatkan makanan bergizi,positive
di daerah saya program ini meringankan beban orang tua,positive
setelah program berjalan program ini membantu pemenuhan gizi siswa,positive
setelah program berjalan anak anak terlihat lebih semangat belajar mantap sih,positive
di daerah saya langkah ini layak diapresiasi mantap sih nih,positive
buat saya kebijakan ini cukup bermanfaat bagi keluarga semoga makin baik,positive
saya lihat masyarakat masih mengikuti perkembangan program di beberapa wilayah,neutral
yang saya lihat kebijakan ini cukup bermanfaat bagi keluarga semoga makin baik,positive
beberapa warga mengeluhkan pelaksanaan mbg belum merata perlu evaluasi,negative
jujur program ini meringankan beban orang tua buat masyarakat kecil wkwk,positive
setelah program berjalan program ini meringankan beban orang tua untuk masa depan anak nih,positive
yang saya lihat mbg membantu anak sekolah mendapatkan makanan bergizi semoga berlanjut,positive
yang saya lihat pelaksanaan program berjalan cukup baik semoga berlanjut,positive
saya masih melihat masih ada kendala distribusi ke depannya wkwk,negative
yang jadi masalah masih ada laporan masalah teknis perlu evaluasi,negative
yang jadi masalah implementasi di lapangan masih kurang maksimal sih,negative
menurut saya pelaksanaan mbg belum merata,negative
setahu saya pelaksanaan program masih dievaluasi hingga sekarang,neutral
di daerah saya program ini meringankan beban orang tua mantap sih,positive
saya masih melihat pelaksanaan mbg belum merata,negative
sejauh ini langkah ini layak diapresiasi,positive
beberapa warga mengeluhkan implementasi di lapangan masih kurang maksimal semoga diperbaiki,negative
kalau dilihat mbg membantu anak sekolah mendapatkan makanan bergizi mantap sih,positive
buat saya kebijakan ini cukup bermanfaat bagi keluarga,positive
jujur saja masih ada laporan masalah teknis,negative
yang saya lihat manfaat program mulai terasa buat masyrakat kecil,positive
yang jadi masalah pengawasan program perlu ditingkatkan ke depannya,negative
jujur manfaat program mulai terasa mantap sih,positive
saya lihat masyarakat masih mengikuti perkembangan program hingga sekarang,neutral
buat saya anak anak terlihat lebih semangat belajar mantap sih,positive
buat saya pelaksanaan progam berjalan cukup baik semoga berlanjut,positive
dari berita pelaksanaan mbg berbeda di tiap daerah di beberapa wilayah,neutral
di daerah saya program ini meringankan beban orang tua,positive
dari berita program mbg masih berjalan bertahap di beberapa wilayah sih,neutral
saya lihat program ini melibatkan sekolah dan pemerintah di beberapa wilayah,neutral
menurut saya masih ada kendala distribusi semoga diperbaiki,negative
saya lihat banyak pihak memantau perkembangan mbg di beberapa wilayah,neutral
setahu saya masyarakat masih mengikuti perkembangan program di beberapa wilayah,neutral
menurut saya langkah ini layak diapresiasi smoga makin baik,positive
yang saya baca banyak pihak memantau perkembangan mbg untuk saat ini,neutral
kalau tidak salah pelaksanaan mbg berbeda di tiap daerah,neutral
jujur saja masih ada kendala distribusi perlu evaluasi,negative
kalau dilihat pelaksanaan program berjalan cukup baik mantap sih,positive
yang saya lihat program ini membantu pemenuhan gizi siswa untuk masa depan anak,positive
di daerah saya manfaat program mulai terasa,positive
yang jadi masalah masih ada kendala distribusi semoga diperbaiki,negative
sejauh ini program ini membantu pemenuhan gizi siswa,positive
informasinya masyarakat masih mengikuti perkembangan program hingga sekarang,neutral
setelah program berjalan mbg membantu anak sekolah mendapatkan makanan bergizi mantap sih,positive
beberapa warga mengeluhkan pengawasan program perlu ditingkatkan,negative
yang saya baca program ini melibatkan sekolah dan pemerintah secara umum nih,neutral
buat saya program ini meringankan beban orang tua buat masyarakat kecil,positive
yang saya baca masyarakat masih mengikuti perkembangan program untuk saat ini,neutral
informasinya topik mbg sering dibahas di media untuk saat ini,neutral
informasinya topik mbg sering dibahas di media hingga sekarang,neutral
sejauh ini langkah ini layak diapresiasi buat masyarakat kecil nih,positive
yang saya baca program mbg masih berjalan bertahap hingga sekarang,neutral
yang saya lihat program ini membantu pemenuhan gizi siswa,positive
sejauh ini kebijakan ini cukup bermanfaat bagi keluarga,positive
setahu saya program mbg masih berjalan bertahap,neutral
setelah progam berjalan mbg membantu anak sekolah mendapatkan makanan bergizi ya,positive
menurut saya pelaksanaan program berjalan cukup baik,positive
setahu saya program mbg masih berjalan bertahap secara umum ya,neutral
di daerah saya program ini membantu pemenuhan gizi siswa,positive
sejauh yang saya tahu pelaksanaan program masih dievaluasi,neutral
saya masih melihat masih ada kendala distribusi perlu evaluasi,negative
informasinya pelaksanaan program masih dievaluasi hingga sekarang,neutral
setahu saya banyak pihak memantau perkembangan mbg hingga sekarang,neutral
jujur program ini membantu pemenuhan gizi siswa,positive
informasinya pelaksanaan mbg berbeda di tiap daerah secara umum,neutral
setahu saya pelaksanaan mbg berbeda di tiap daerah hingga sekarang wkwk,neutral
yang jadi masalah implementasi di lapangan masih kurang maksimal,negative
setahu saya pelaksanaan program masih dievaluasi secara umum ya,neutral
informasinya topik mbg sering dibahas di media,neutral
kalau dilihat pelaksanaan program berjalan cukup baik semoga makin baik,positive
dari berita banyak pihak memantau perkembangan mbg,neutral
yang jadi masalah masih ada kendala distribusi,negative
sejauh ini manfaat program mulai terasa untuk masa depan anak sih,positive
buat saya kebijakan ini cukup bermanfaat bagi keluarga mantap sih nih,positive
menurut saya manfaat program mulai terasa mantap sih,positive
buat saya pelaksanaan program berjalan cukup baik,positive
sejauh ini manfaat program mulai terasa mantap sih ya,positive
menurut saya kebijakan ini cukup bermanfaat bagi keluarga,positive
setahu saya pelaksanaan program masih dievaluasi untuk saat ini,neutral
jujur anak anak terlihat lebih semangat belajar smoga makin baik,positive
saya masih melihat pelaksanaan mbg belum merata,negative
setelah progam berjalan program ini membantu pemenuhan gizi siswa semoga makin baik,positive
setelah program brjalan mbg membantu anak sekolah mendapatkan makanan bergizi untuk masa depan anak,positive
kalau tidak salah topik mbg sering dibahas di media secara umum,neutral
setelah program berjalan program ini membantu pemenuhan gizi siswa,positive
jujur saja masih ada kendala distribusi,negative
setelah program berjalan langkah ini layak diapresiasi,positive
saya lihat program mbg masih berjalan bertahap wkwk,neutral
setahu saya topik mbg sering dibahas di media di beberapa wilayah,neutral
yang saya lihat program ini meringankan beban orang tua mantap sih,positive
sejauh ini mbg membantu anak sekolah mendapatkan makanan bergizi,positive
menurut saya anggaran program memunculkan pertanyaan perlu evaluasi,negative
setelah progam berjalan program ini membantu pemenuhan gizi siswa semoga berlanjut sih,positive
menurut saya program ini meringankan beban orang tua mantap sih,positive
di daerah saya pelaksanaan program berjalan cukup baik ya,positive
menurut saya program ini membantu pemenuhan gizi siswa untuk masa depan anak ya,positive
setelah program brjalan program ini meringankan beban orang tua buat masyarakat kecil,positive
di daerah saya mbg membantu anak sekolah mendapatkan makanan bergizi,positive
sejauh yang saya tahu masyarakat masih mengikuti perkembangan program sih,neutral
kalau dilihat progam ini meringankan beban orang tua,positive
buat saya manfaat progam mulai terasa,positive
jujur saja masih ada laporan masalah teknis,negative
beberapa warga mengeluhkan implementasi di lapangan masih kurang maksimal ke depannya,negative
beberapa warga mengeluhkan masih ada kendala distribusi,negative
kalau dilihat progam ini membantu pemenuhan gizi siswa mantap sih nih,positive
saya lihat program ini melibatkan sekolah dan pemerintah hingga sekarang sih,neutral
setelah program berjalan program ini membantu pemenuhan gizi siswa,positive
yang saya baca topik mbg sering dibahas di media hingga sekarang,neutral
menurut saya pelaksanaan mbg belum merata ke depannya,negative
yang saya lihat program ini meringankan beban orang tua semoga berlanjut,positive
setahu saya banyak pihak memantau perkembangan mbg,neutral
kalau dilihat program ini meringankan beban orang tua buat masyarakat kecil,positive
dari berita masyarakat masih mengikuti perkembangan program hingga sekarang,neutral
sejauh yang saya tahu pelaksanaan program masih dievaluasi,neutral
informasinya banyak pihak memantau perkembangan mbg untuk saat ini,neutral
saya lihat pelaksanaan mbg berbeda di tiap daerah,neutral
kalau dilihat anak anak terlihat lebih semangat belajar semoga berlanjut,positive
di daerah saya langkah ini layak diapresiasi untuk masa depan anak,positive
kalau dilihat langkah ini layak diapresiasi sih,positive
jujur program ini membantu pemenuhan gizi siswa,positive
buat saya langkah ini layak diapresiasi semoga berlanjut,positive
sejauh ini program ini membantu pemenuhan gizi siswa semoga makin baik,positive
jujur langkah ini layak diapresiasi semoga berlanjut,positive
informasinya banyak pihak memantau perkembangan mbg hingga sekarang,neutral
kalau dilihat program ini meringankan beban orang tua mantap sih,positive
saya masih melihat implementasi di lapangan masih kurang maksimal,negative
dari berita pelaksanaan mbg berbeda di tiap daerah hingga sekarang,neutral
dari berita banyak pihak memantau perkembangan mbg di beberapa wilayah,neutral
buat saya program ini membantu pemenuhan gizi siswa semoga berlanjut,positive
kalau dilihat program ini membantu pemenuhan gizi siswa semoga berlanjut,positive
dari berita program ini melibatkan sekolah dan pemerintah untuk saat ini,neutral
informasinya program ini melibatkan sekolah dan pemerintah hingga sekarang,neutral
di daerah saya pelaksanaan program berjalan cukup baik semoga berlanjut ya,positive
kalau tidak salah pelaksanaan mbg berbeda di tiap daerah hingga sekarang,neutral
informasinya program ini melibatkan sekolah dan pemerintah secara umum,neutral
dari berita program mbg masih berjalan bertahap,neutral
yang saya lihat anak anak terlihat lebih semangat belajar mantap sih,positive
dari berita pelaksanaan program masih dievaluasi,neutral
saya masih melihat masih ada laporan masalah teknis perlu evaluasi,negative
beberapa warga mengeluhkan pelaksanaan mbg belum merata semoga diperbaiki,negative
di daerah saya mbg membantu anak sekolah mendapatkan makanan bergizi smoga berlanjut,positive
informasinya masyarakat masih mengikuti perkembangan program,neutral
saya lihat pelaksanaan program masih dievaluasi nih,neutral
setelah program berjalan program ini membantu pemenuhan gizi siswa buat masyarakat kecil wkwk,positive
buat saya program ini meringankan beban orang tua semoga makin baik,positive
menurut saya pelaksanaan mbg belum merata,negative
yang jadi masalah implementasi di lapangan masih kurang maksimal semoga diperbaiki,negative
sejauh ini program ini meringankan beban orang tua mantap sih,positive
menurut saya anggaran program memunculkan pertanyaan,negative
di daerah saya progam ini membantu pemenuhan gizi siswa untuk masa depan anak,positive
beberapa warga mengeluhkan pengawasan program perlu ditingkatkan ke depannya,negative
sejauh yang saya tahu pelaksanaan program masih dievaluasi untuk saat ini,neutral
beberapa warga mengeluhkan implementasi di lapangan masih kurang maksimal perlu evaluasi,negative
setahu saya program ini melibatkan sekolah dan pemerintah secara umum,neutral
saya masih melihat pelaksanaan mbg belum merata ke depannya,negative
buat saya kebijakan ini cukup bermanfaat bagi keluarga buat masyarakat kecil wkwk,positive
sejauh ini anak anak terlihat lebih semangat belajar,positive
sejauh ini kebijakan ini cukup bermanfaat bagi keluarga,positive
menurut saya mbg membantu anak sekolah mendapatkan makanan bergizi smoga makin baik,positive
beberapa warga mengeluhkan anggaran program memunculkan pertanyaan,negative
yang saya lihat program ini membantu pemenuhan gizi siswa,positive
jujur saja anggaran program memunculkan pertanyaan,negative
setelah program berjalan program ini meringankan beban orang tua semoga makin baik,positive
sejauh ini program ini meringankan beban orang tua,positive
dari berita banyak pihak memantau perkembangan mbg hingga sekarang,neutral
menurut saya kebijakan ini cukup bermanfaat bagi keluarga buat masyarakat kecil,positive
yang jadi masalah pengawasan program perlu ditingkatkan semoga diperbaiki nih,negative
yang saya lihat langkah ini layak diapresiasi,positive
sejauh yang saya tahu topik mbg sering dibahas di media untuk saat ini,neutral
informasinya masyarakat masih mengikuti perkembangan program,neutral
kalau dilihat langkah ini layak diapresiasi untuk masa depan anak,positive
kalau dilihat langkah ini layak diapresiasi semoga makin baik,positive
informasinya pelaksanaan mbg berbeda di tiap daerah untuk saat ini,neutral
yang saya lihat kebijakan ini cukup bermanfaat bagi keluarga untuk masa depan anak,positive
sejauh ini pelaksanaan program berjalan cukup baik buat masyarakat kecil,positive
setelah program berjalan kebijakan ini cukup bermanfaat bagi keluarga mantap sih,positive
yang saya lihat program ini membantu pemenuhan gizi siswa semoga makin baik,positive
setahu saya topik mbg sering dibahas di media secara umum,neutral
di daerah saya anak anak terlihat lebih semangat belajar wkwk,positive
kalau dilihat manfaat program mulai terasa,positive
setahu saya pelaksanaan mbg berbeda di tiap daerah,neutral
kalau dilihat program ini membantu pemenuhan gizi siswa,positive
saya lihat masyarakat masih mengikuti perkembangan program,neutral
sejauh ini langkah ini layak diapresiasi mantap sih,positive
kalau dilihat pelaksanaan program berjalan cukup baik semoga berlanjut,positive
sejauh yang saya tahu pelaksanaan mbg berbeda di tiap daerah di beberapa wilayah,neutral
sejauh yang saya tahu topik mbg sering dibahas di media hingga sekarang,neutral
informasinya pelaksanaan program masih dievaluasi secara umum wkwk,neutral
kalau tidak salah masyarakat masih mengikuti perkembangan program secara umum,neutral
menurut saya anak anak terlihat lebih semangat belajar,positive
jujur program ini membantu pemenuhan gizi siswa buat masyarakat kecil sih,positive
sejauh yang saya tahu masyarakat masih mengikuti perkembangan program untuk saat ini,neutral
yang jadi masalah masih ada kendala distribusi ke depannya,negative
jujur mbg membantu anak sekolah mendapatkan makanan bergizi semoga makin baik,positive
menurut saya implementasi di lapangan masih kurang maksimal perlu evaluasi,negative
setelah progam berjalan program ini meringankan beban orang tua,positive
yang saya baca banyak pihak memantau perkembangan mbg di beberapa wilayah,neutral
jujur saja implementasi di lapangan masih kurang maksimal perlu evaluasi,negative
jujur manfaat progam mulai terasa,positive
setelah program berjalan manfaat program mulai terasa,positive
kalau tidak salah masyarakat masih mengikuti perkembangan program di beberapa wilayah,neutral
jujur saja masih ada laporan masalah teknis semoga diperbaiki,negative
saya masih melihat pengawasan program perlu ditingkatkan,negative
sejauh ini anak anak terlihat lebih semangat belajar,positive
setelah program berjalan anak anak terlihat lebih semangat belajar,positive
di daerah saya kebijakan ini cukup bermanfaat bagi keluarga nih,positive
buat saya langkah ini layak diapresiasi,positive
di daerah saya manfaat program mulai terasa semoga makin baik nih,positive
kalau dilihat anak anak terlihat lebih semangat belajar mantap sih,positive
jujur program ini membantu pemenuhan gizi siswa untuk masa depan anak,positive
sejauh yang saya tahu topik mbg sering dibahas di media di beberapa wilayah,neutral
yang saya lihat pelaksanaan program berjalan cukup baik mantap sih,positive
buat saya pelaksanaan program berjalan cukup baik untuk masa depan anak,positive
jujur pelaksanaan program berjalan cukup baik,positive
setelah program berjalan pelaksanaan program berjalan cukup baik untuk masa depan anak sih,positive
menurut saya kebijakan ini cukup bermanfaat bagi keluarga mantap sih,positive
di daerah saya manfaat program mulai terasa mantap sih,positive
kalau dilihat kebijakan ini cukup bermanfaat bagi keluarga,positive
saya lihat program mbg masih berjalan bertahap untuk saat ini,neutral
yang saya baca pelaksanaan program masih dievaluasi di beberapa wilayah,neutral
dari berita pelaksanaan mbg berbeda di tiap daerah untuk saat ini,neutral
yang saya baca masyarakat masih mengikuti perkembangan program di beberapa wilayah,neutral
setelah program berjalan kebijakan ini cukup bermanfaat bagi keluarga,positive
yang saya lihat anak anak terlihat lebih semangat belajar semoga berlanjut,positive
di daerah saya langkah ini layak diapresiasi,positive
setelah program berjalan program ini meringankan beban orang tua semoga berlanjut,positive
sejauh ini manfaat progam mulai terasa,positive
menurut saya pengawasan program perlu ditingkatkan semoga diperbaiki,negative
yang saya baca pelaksanaan program masih dievaluasi untuk saat ini,neutral
setahu saya program ini melibatkan sekolah dan pemerintah,neutral
setahu saya masyarakat masih mengikuti perkembangan program,neutral
saya lihat topik mbg sering dibahas di media secara umum,neutral
saya lihat pelaksanaan mbg berbeda di tiap daerah,neutral
sejauh ini manfaat program mulai terasa,positive
buat saya program ini meringankan beban orang tua semoga berlanjut,positive
jujur manfaat progam mulai terasa semoga makin baik,positive
menurut saya program ini meringankan beban orgtua nih,positive
jujur pelaksanaan program berjalan cukup baik semoga makin baik nih,positive
yang jadi masalah pelaksanaan mbg belum merata perlu evaluasi,negative
di daerah saya anak anak terlihat lebih semangat belajar sih,positive
sejauh yang saya tahu pelaksanaan mbg berbeda di tiap daerah untuk saat ini,neutral
yang saya lihat kebijakan ini cukup bermanfaat bagi keluarga mantap sih,positive
sejauh yang saya tahu masyarakat masih mengikuti perkembangan program hingga sekarang,neutral
yang saya baca masyarakat masih mengikuti perkembangan program secara umum,neutral
informasinya topik mbg sering dibahas di media,neutral
setahu saya topik mbg sering dibahas di media,neutral
menurut saya pelaksanaan program berjalan cukup baik buat masyarakat kecil,positive
dari berita banyak pihak memantau perkembangan mbg secara umum sih,neutral
informasinya pelaksanaan program masih dievaluasi untuk saat ini,neutral
kalau dilihat pelaksanaan program berjalan cukup baik,positive
di daerah saya pelaksanaan program berjalan cukup baik,positive
yang saya baca program mbg masih berjalan bertahap untuk saat ini,neutral
informasinya banyak pihak memantau perkembangan mbg,neutral
sejauh ini langkah ini layak diapresiasi untuk masa depan anak,positive
jujur pelaksanaan program berjalan cukup baik,positive
jujur anak anak terlihat lebih semangat belajar,positive
informasinya masyarakat masih mengikuti perkembangan program di beberapa wilayah,neutral
menurut saya anggaran program memunculkan pertanyaan,negative
saya lihat program ini melibatkan sekolah dan pemerintah secara umum,neutral
yang saya baca program ini melibatkan sekolah dan pemerintah hingga sekarang,neutral
beberapa warga mengeluhkan implementasi di lapangan masih kurang maksimal nih,negative
menurut saya manfaat program mulai terasa buat masyarakat kecil,positive
setahu saya progam mbg masih berjalan bertahap hingga sekarang,neutral
yang saya lihat pelaksanaan program berjalan cukup baik semoga makin baik sih,positive
yang saya baca pelaksanaan progam masih dievaluasi nih,neutral
saya lihat pelaksanaan mbg berbeda di tiap daerah untuk saat ini,neutral
saya lihat banyak pihak memantau perkembangan mbg,neutral
yang saya lihat kebijakan ini cukup bermanfaat bagi keluarga,positive
dari berita program mbg masih berjalan bertahap untuk saat ini,neutral
menurut saya masih ada laporan masalah teknis smoga diperbaiki wkwk,negative
saya masih melihat anggaran program memunculkan pertanyaan nih,negative
beberapa warga mengeluhkan pengawasan program perlu ditingkatkan perlu evaluasi sih,negative
jujur progam ini meringankan beban orang tua,positive
yang saya lihat mbg membantu anak sekolah mendapatkan makanan bergizi,positive
yang saya lihat program ini membantu pemenuhan gizi siswa mantap sih,positive
kalau tidak salah pelaksanaan mbg berbeda di tiap daerah ya,neutral
beberapa warga mengeluhkan anggaran program memunculkan pertanyaan,negative
informasinya progam ini melibatkan sekolah dan pemerintah untuk saat ini nih,neutral
buat saya mbg membantu anak sekolah mendapatkan makanan bergizi,positive
sejauh ini program ini membantu pemenuhan gizi siswa,positive
buat saya program ini membantu pemenuhan gizi siswa untuk masa depan anak,positive
menurut saya pengawasan progam perlu ditingkatkan,negative
saya masih melihat masih ada kendala distribusi wkwk,negative
setelah program brjalan langkah ini layak diapresiasi,positive
yang saya baca pelaksanaan mbg berbeda di tiap daerah di beberapa wilayah,neutral
yang saya lihat manfaat program mulai terasa,positive
jujur saja pengawasan program perlu ditingkatkan perlu evaluasi,negative
jujur saja masih ada kendala distribusi ke depannya,negative
jujur mbg membantu anak sekolah mendapatkan makanan bergizi untuk masa depan anak sih,positive
yang saya baca pelaksanaan program masih dievaluasi,neutral
menurut saya implementasi di lapangan masih kurang maksimal semoga diperbaiki,negative
jujur saja pengawasan program perlu ditingkatkan semoga diperbaiki,negative
setelah program berjalan mbg membantu anak sekolah mendapatkan makanan bergizi semoga berlanjut,positive
sejauh ini anak anak terlihat lebih semangat belajar untuk masa depan anak,positive
kalau tidak salah program mbg masih berjalan bertahap di beberapa wilayah,neutral
setelah program berjalan kebijakan ini cukup bermanfaat bagi keluarga semoga berlanjut,positive
kalau tidak salah topik mbg sering dibahas di media,neutral
menurut saya kebijakan ini cukup bermanfaat bagi keluarga,positive
setahu saya pelaksanaan mbg berbeda di tiap daerah di beberapa wilayah,neutral
sejauh yang saya tahu topik mbg sering dibahas di media,neutral
yang saya baca topik mbg sering dibahas di media untuk saat ini,neutral
kalau dilihat langkah ini layak diapresiasi semoga berlanjut,positive
setahu saya program mbg masih berjalan bertahap,neutral
dari berita pelaksanaan mbg berbeda di tiap daerah,neutral
sejauh ini program ini meringankan beban orang tua semoga makin baik,positive
setahu saya topik mbg sering dibahas di media,neutral
jujur program ini membantu pemenuhan gizi siswa semoga makin baik ya,positive
di daerah saya program ini membantu pemenuhan gizi siswa buat masyarakat kecil,positive
yang saya lihat anak anak terlihat lebih semangat belajar,positive
sejauh yang saya tahu progam ini melibatkan sekolah dan pemerintah,neutral
menurut saya pelaksanaan mbg belum merata semoga diperbaiki,negative
buat saya kebijakan ini cukup bermanfaat bagi keluarga,positive
yang saya lihat mbg membantu anak sekolah mendapatkan makanan bergizi mantap sih ya,positive
di daerah saya program ini meringankan beban orang tua buat masyarakat kecil,positive
saya masih melihat implementasi di lapangan masih kurang maksimal perlu evaluasi,negative
sejauh yang saya tahu program ini melibatkan sekolah dan pemerintah untuk saat ini,neutral
setahu saya banyak pihak memantau perkembangan mbg,neutral
setelah program berjalan program ini membantu pemenuhan gizi siswa untuk masa depan anak,positive
informasinya pelaksanaan mbg berbeda di tiap daerah,neutral
menurut saya masih ada laporan masalah teknis,negative
kalau tidak salah banyak pihak memantau perkembangan mbg untuk saat ini,neutral
saya masih melihat masih ada laporan masalah teknis ke depannya,negative
di daerah saya mbg membantu anak sekolah mendapatkan makanan bergizi untuk masa depan anak,positive
yang saya lihat anak anak terlihat lebih semangat belajar,positive
kalau dilihat program ini membantu pemenuhan gizi siswa buat masyarakat kecil,positive
di daerah saya mbg membantu anak sekolah mendapatkan makanan bergizi mantap sih,positive
setelah program berjalan pelaksanaan program berjalan cukup baik,positive
sejauh ini program ini meringankan beban orang tua buat masyarakat kecil,positive
yang saya baca banyak pihak memantau perkembangan mbg secara umum,neutral
dari berita topik mbg sering dibahas di media di beberapa wilayah,neutral
di daerah saya program ini meringankan beban orang tua semoga berlanjut,positive
buat saya program ini membantu pemenuhan gizi siswa,positive
kalau dilihat program ini meringankan beban orang tua,positive
saya masih melihat anggaran program memunculkan pertanyaan perlu evaluasi,negative
informasinya pelaksanaan program masih dievaluasi,neutral
menurut saya masih ada kendala distribusi,negative
jujur saja anggaran program memunculkan pertanyaan,negative
yang saya lihat langkah ini layak diapresiasi semoga berlanjut,positive
di daerah saya anak anak terlihat lebih semangat belajar untuk masa depan anak,positive
setelah program berjalan mbg membantu anak sekolah mendapatkan makanan bergizi,positive
di daerah saya anak anak terlihat lebih semangat belajar mantap sih,positive
jujur saja implementasi di lapangan masih kurang maksimal,negative
saya masih melihat pengawasan program perlu ditingkatkan perlu evaluasi,negative
dari berita program ini melibatkan sekolah dan pemerintah di beberapa wilayah,neutral
menurut saya anggaran program memunculkan pertanyaan semoga diperbaiki,negative
di daerah saya anak anak terlihat lebih semangat belajar semoga makin baik,positive
yang saya lihat anak anak terlihat lebih semangat belajar buat masyarakat kecil,positive
menurut saya mbg membantu anak sekolah mendapatkan makanan bergizi untuk masa depan anak,positive
buat saya program ini membantu pemenuhan gizi siswa,positive
kalau dilihat program ini meringankan beban orang tua,positive
beberapa warga mengeluhkan masih ada laporan masalah teknis,negative
setelah program berjalan anak anak terlihat lebih semangat belajar semoga makin baik wkwk,positive
sejauh ini program ini meringankan beban orang tua semoga berlanjut sih,positive
dari berita banyak pihak memantau perkembangan mbg sih,neutral
dari berita masyarakat masih mengikuti perkembangan program untuk saat ini ya,neutral
setelah program berjalan langkah ini layak diapresiasi sih,positive
informasinya program mbg masih berjalan bertahap hingga sekarang,neutral
kalau tidak salah masyarakat masih mengikuti perkembangan program,neutral
sejauh ini langkah ini layak diapresiasi semoga makin baik,positive
buat saya mbg membantu anak sekolah mendapatkan makanan bergizi mantap sih,positive
beberapa warga mengeluhkan anggaran program memunculkan pertanyaan semoga diperbaiki,negative
jujur program ini meringankan beban orgtua untuk masa depan anak,positive
sejauh yang saya tahu program ini melibatkan sekolah dan pemerintah secara umum,neutral
setelah program berjalan pelaksanaan program berjalan cukup baik,positive
buat saya program ini membantu pemenuhan gizi siswa,positive
yang saya lihat pelaksanaan program berjalan cukup baik,positive
buat saya kebijakan ini cukup bermanfaat bagi keluarga,positive
yang saya lihat langkah ini layak diapresiasi buat masyarakat kecil,positive
kalau dilihat pelaksanaan program berjalan cukup baik,positive
jujur mbg membantu anak sekolah mendapatkan makanan bergizi semoga berlanjut,positive
kalau dilihat anak anak terlihat lebih semangat belajar buat masyarakat kecil,positive
setelah program berjalan langkah ini layak diapresiasi semoga berlanjut,positive
buat saya anak anak terlihat lebih semangat belajar,positive
buat saya program ini membantu pemenuhan gizi siswa semoga makin baik,positive
buat saya anak anak terlihat lebih semangat belajar,positive
kalau dilihat program ini meringankan beban orang tua untuk masa depan anak,positive
saya masih melihat pengawasan program perlu ditingkatkan ke depannya,negative
yang saya lihat mbg membantu anak sekolah mendapatkan makanan bergizi buat masyarakat kecil,positive
yang saya baca topik mbg sering dibahas di media di beberapa wilayah,neutral
kalau dilihat pelaksanaan program berjalan cukup baik buat masyarakat kecil,positive
saya lihat topik mbg sering dibahas di media di beberapa wilayah,neutral
setahu saya banyak pihak memantau perkembangan mbg secara umum,neutral
sejauh ini langkah ini layak diapresiasi semoga berlanjut,positive
setahu saya topik mbg sering dibahas di media untuk saat ini,neutral
kalau tidak salah topik mbg sering dibahas di media hingga sekarang,neutral
jujur anak anak terlihat lebih semangat belajar untuk masa depan anak,positive
sejauh yang saya tahu banyak pihak memantau perkembangan mbg di beberapa wilayah,neutral
yang saya lihat program ini meringankan beban orang tua buat masyarakat kecil,positive
yang saya lihat manfaat program mulai terasa,positive
buat saya pelaksanaan program berjalan cukup baik ya,positive
menurut saya program ini meringankan beban orang tua semoga makin baik,positive
yang saya lihat program ini meringankan beban orang tua,positive
yang jadi masalah implementasi di lapangan masih kurang maksimal ke depannya nih,negative
di daerah saya program ini meringankan beban orgtua semoga makin baik,positive
sejauh yang saya tahu program ini melibatkan sekolah dan pemerintah di beberapa wilayah,neutral
dari berita masyarakat masih mengikuti perkembangan program,neutral
dari berita masyarakat masih mengikuti perkembangan program di beberapa wilayah,neutral
jujur kebijakan ini cukup bermanfaat bagi keluarga,positive
setahu saya masyarakat masih mengikuti perkembangan program secara umum,neutral
di daerah saya pelaksanaan program berjalan cukup baik,positive
jujur kebijakan ini cukup bermanfaat bagi keluarga,positive
menurut saya kebijakan ini cukup bermanfaat bagi keluarga,positive
jujur pelaksanaan program berjalan cukup baik mantap sih,positive
yang saya lihat manfaat program mulai terasa mantap sih wkwk,positive
saya lihat masyarakat masih mengikuti perkembangan program untuk saat ini,neutral
setahu saya masyarakat masih mengikuti perkembangan program hingga sekarang,neutral
setahu saya masyarakat masih mengikuti perkembangan program,neutral
setelah program berjalan program ini meringankan beban orang tua,positive
yang saya lihat langkah ini layak diapresiasi mantap sih sih,positive
kalau dilihat langkah ini layak diapresiasi,positive
jujur kebijakan ini cukup bermanfaat bagi keluarga mantap sih,positive
kalau dilihat mbg membantu anak sekolah mendapatkan makanan bergizi,positive
jujur pelaksanaan program berjalan cukup baik semoga berlanjut,positive
buat saya anak anak terlihat lebih semangat belajar semoga makin baik,positive
sejauh yang saya tahu masyarakat masih mengikuti perkembangan program di beberapa wilayah,neutral
di daerah saya program ini membantu pemenuhan gizi siswa semoga berlanjut,positive
setelah program berjalan mbg membantu anak sekolah mendapatkan makanan bergizi,positive
buat saya langkah ini layak diapresiasi,positive
menurut saya mbg membantu anak sekolah mendapatkan makanan bergizi buat masyarakat kecil,positive
jujur kebijakan ini cukup bermanfaat bagi keluarga buat masyarakat kecil,positive
jujur pelaksanaan program berjalan cukup baik buat masyarakat kecil,positive
di daerah saya program ini membantu pemenuhan gizi siswa mantap sih,positive
di daerah saya mbg membantu anak sekolah mendapatkan makanan bergizi semoga makin baik,positive
yang saya lihat program ini meringankan beban orang tua untuk masa depan anak,positive
kalau tidak salah banyak pihak memantau perkembangan mbg,neutral
kalau dilihat kebijakan ini cukup bermanfaat bagi keluarga buat masyarakat kecil,positive

