clean_text,sentiment
mematikan ukm lokal,negative
semua partai yayasan bawah naungan partai mendapat untung besar sedang rakyat mendapat dampak sgala knaikan harga,negative
keluarga penjual telur sangat senang adanya mbg,positive
pedesaan sengat sangat membantu adanya mbg,positive
untungkan koruptor mbg mulai bgn sppg kroni kroni pemerintah,negative
untungkan rakyat kecil,positive
mahasiswa riset pasar sayurar jelas diuntungkan dr mbg org bergerak sektor agraris bahan baku makanan nelayan peternak petani harga sayur stabil daya serap bahan baku makanan tinggi sekali fluktuasi harga tidak separah mbg dulu sangat membantu rakyat kecil umkm bahkan sangat berpotensi mengembangkan ekonomi indonesia sektor agraris anak sekolahan tadinya malasan sekolah sekarang jadi rajin keenakan malah sekolah dikasih makan enggak perlu bawa bekal enggak perlu jajan enggak jajanan micin gizi diatur enak sangat pengelola dapur mbg pengurus enggak mungkin kan kerja enggak digajih pembentukan lapangan kerja baru jadi mbg sangat dasyat dampak positifnya pengusungnya orang genius,positive
bohong mbg korup semuanya,negative
uang haram rejeki haram,negative
mbg permintaan sembako naik akhirnya harga sembako ikut naik harga beras tadinya rbkg sekarang jadi rbkg pemerintah hentikan program mbg,negative
masarakat kecil semakin soro susah,negative
kalau tidak koneksi jangan harap terlibat mbg,neutral
akhirnya anakanak daerah sulit kebagian perhatian lebih lewat program mbg presiden prabowo,positive
bukan rahasia mbg menguntungkan kroni prabowo politik balas budi jaga suara pilpres,negative
diuntungkan tetap koruptor siswa keracunan dianggap tidak,negative
tepat sasaranyng miskin makin miskin,negative
kantin sekolah merugi,negative
program goblok bikin emosi rakyat indonesia stop ganti sama sekolah gratis,negative
senang pekerja bukan anak anak sebenernya merugikan menguntungkan pihak proyek,negative
mbg menggantikan bansos sejenisnya spt blt ternyata dikorupsi bapaknya ut judol dikorupsi ibunya ut beli bedak lipstik anaknya tetap aja tidak makan stunting kurang gizi mbg jelas jelas lebih baik,positive
diuntungkan pemilik yayasan pemilik dapur mbg apa untungnya rakyat mbg gk,negative
terima kasih pak prabowo membantu rakyat kecil sangat merasa terbantu adanya program,positive
untung tikus kantor,negative
program tidak jelas sarat korupsi kolusi nepotisme program sbnarnya persiapan penggalangan suara pemilu jilid nnti coba buktikan mana perubahannya anak makin cerdas stelah mendapatkan program mbg mana buktinya mana,negative
turunkan presiden praboworubah program mbg menjadi tf anggaran langsung mendapatkannya bulan pencairan,neutral
mbb memperkaya orang kayadan memberi orang korupsi didaerah kades,negative
dustribusi mbg jorokkk,negative
belum foodwaste susah mahamin selera anak anak tuh tiap hari tumpukan gunung sampah makanan mbg dibuang karna tidak doyan bahkan tidak jarang satu sekolah kompak kompakan tidak makan karna gasuka sama menu haduh kalau kelola sampah baik okla kalau tidak astaga sia sia sangat sumpah,negative
tutup mah hapus tutup rakyat sengsara bikin rakyat sengsara,negative
gizi tumbuh makan tidak gizinya korup iya,negative
maaf tujuan awalmang apasih koq sering kali banyak kasus keracunanya cara memasaknya apa masak tidak bukan sehat malah keracunan nauzubil lah makanya gakada enak,negative
pedagang makanan kantin sekolah anjlok pendapatan belum sewa kantin sekolah rata lapak kantin lapak pekerja pekerja menafkahi orang anggota keluarga,neutral
assalamualaikum mf kpd pengurus mbg aku mau tanya tidak minta air mbg masyarakat lingkungan mbg mohon aku tunggu jawabannya terima kasih,neutral
terimakasih pak prabowo terus berjuang rakyatmu indonesia nkri lanjutkan program mbg koperasi merah putih rakyat sangat membutuhkan,neutral
relawan snipper buat habisi koruptor anggota keluarkan dana mbg,neutral
mewakili pedagang buah sayur keliling pakai motoradalah korban terdampak mbgdi wilayah tujuh kabupaten provinsi jabaryg membeli pasar induk moden cikopodan psdaerah jatibarang indramayukeluhan harga belanja jadi naik drastis dan harga jual susah karena serobot mbg ini fakta tolong dpr dengar,negative
project,neutral
akibat memiliki pemimpin giveaway terlalu uzur pikun mudah dikendalikan kronikroni laknatullah,neutral
negara buat uang relawan presiden rakyat terima separoh cuma porsi jadi dibagi maling,neutral
simple mbg kaya makin kaya rendah makin rendah rata rata fokus pekerja terima cuma keluarga dinasty proyek jugaaa rata rata punya relasi ekonomi maju nol besar gizi semakin baik lebih baik bikin bekal rumah mbg tidak mikir aja buat program berobat gratis pendidikan gratisss kalau mau kasih makan gratiss mah hajar langsung jalanan orang orang bener bener butuh,positive
stop bayar pajak intinya kalau tidak loker,neutral
presiden siapa lgi ditanya,neutral
mbg aku keren ko,positive
mbg du evaluasi terus saling joreksi,neutral
presiden,neutral
siapa dirugikan,neutral
mbg menguntungkan koroptor,neutral
mbg program koruptor,neutral
untung pekerja didapur yayasan koperasi supliyer semua terlibat mbg lumbung suara maju pemilu datang,neutral
usul aja pak presiden pak prabowo bubarkan aja program mbg banyak masyarakat kecil rugikan kaya makin kaya miskin makin miskintolong kaji ulang,negative
bukan donatur jangan mengatur,neutral
untung ma pekerjanya pedagang kecil rata sepi karna apa dpt mbg anak tidak tertarik kantin kantin berharap anak anak belitolong dong,negative
ekonom bodohyang menyatakan mbg tidak gunanyaini jelas jelas pemerataan ekonomi nkri,positive
pedagang kantin kehilangan mata pencaharian total,negative
mbg satu rangkaian perauk keuntungan dampaknya pedagang kecil dirugikan,negative
terlupakan bahas limbah mengganggu lingkungan,negative
pekerja sppg sewaktuwaktu berhentikan sebabnya disebut relawan klaim jt pekerja tidak benar sama sekalidan kebanyakan relawan diambil saudara sendirikerabat sendiriatau teman dekat saudara dekat kepala sppgjadi relawan sppg tanpa adanya orang sangat mustahil,neutral
ekonomi maju mana hutang negara maju jadi lebih banyak la iya maju bila pemasukan pengeluaran uang la pengeluaran uang terus buat bayar mbg pekerja mbgblm lg korupsi ekonomi maju taekkkkkkk,negative
program sebenarnya program sosial tapi sejak awal tersetting program kue baik parpol timses pencalonan presiden org berkepentingan prabowo prabowo memberikan celah jatah cuan dibungkus mbg program sosial tidak ad hitungan cuan hulu hilir nah iini tidak cm cari cuan normal aja tapi potensi korupsi besar tidak terpantau istilah relawan sebenarnya tidak sistem gaji upah jadi pure kemanusiaan kerja mbg gaji upah terlebih nuntut pembayaran stop mengaku relawan stop mbg terlalu banyak negatif menyerap anggaran dri kepentingan sprti pendidikan kesehatan jg,negative
tahun pemerintahan gagal ehh malah mau ditambah tahun bahkan wacana nambah tahun wassalam dah tinggal nunggu ancur aja nih negara,negative
perogram mbg sangat merusak ekonomi rakyat senang elit elit menjadi bandar dapur mbg,negative
paling untungkan investor pemilik modal,neutral
percuma rakyat koar koar engga pernah dengar,neutral
sekelas bbc pakai kata relawan,neutral
jelas korupsi diuntungkan,negative
terdampak efisiensi anggaran berakhir rumahkan efek mbg,negative
mewakili masyarakat serang banten sangat ber terima kasih bapak presiden mbg,positive
anggaran mbg sy rasa anggaran paling gurih buat korupsi apa lgi berkuasa dri ordebaru mana hidup tanpa pesta anggaran,negative
tumbuh artinya gugur jelas kan,neutral
diuntungkan pemilik proyek mbg,negative
potensi korupsi terbuka lebar,negative
untungkan suksesor memenangkan kekuasaan kontestasi politik kelompok kalah puasa dulu begitulah negara demokrasi,positive
sayur sekarang naik,neutral
mbg buat mempersiapkan modal pilpres memdatang,negative
mbg sarang korupsi,negative
untung oknum,neutral
tumbuh duitnya pemenang proyek,neutral
cheer up gyus,neutral
fakta nyata sangat bbc news indonesia pedagang pasar sangat merasakan sangat pengaruhnya mbg,negative
mbg dihentikan anak tidak ijinkan anak menerima mbg mbg merusak moralitas bangsa cara kebodohan pemerintah membangun sda sdm suatu bangsa hasil pilihan masyarakat bodoh hasilnya menciptakan pemerintahan bodoh tak bertanggung jawab atas keselamatan nyawa anak indonesia faktanya tahukah kamu termasuk membuat bekerja didalam mbg merusak moralitas bangsa contoh kecil makanan bermasalah nyawa anak bangsa melayang kamu pantas mengatakan pekerjaan basis foto agamis islam mu bukannya kamu malu pepatah hidup miskin bodoh jangan faham belum isi mbg dibelakang layar tidak ketahui seorang teknologi hasil pertanian mendalami dibidang pangan saintek jurusan ti tekhnik industri bukan sekedar ujaran kebencian,negative
akibatnya presiden tak pernah berikan suku program presiden tak berkualitas terimakasih,negative
mbg maling berjamaah guys,negative
kan kuberi pemimpin sesuai kaumnya,neutral
makanan basi pulang sekolah mencret,negative
sekolah mahal jajan anak rb keatas mbg aneh,negative
kalau temuan dugaan koneksi masalah relawan silakan diusut transparan tapi jangan digiring jadi narasi seolaholah semuanya salah atas presiden prabowo subianto punya visi besar soal gizi masa depan generasi dukung tetap kritis bukan menjatuhkan,positive
soal umkm belum maksimal terlibat jadi pr bersama cuma kritik lebih baik dorong depan makin banyak pelaku usaha lokal masuk rantai pasok program mbg niatnya jelas rakyat tinggal pengawasannya kawal barengbareng,positive
namanya program besar baru jalan setahun evaluasi sanasini tapi jangan tutup mata kalau manfaatnya dirasakan banyak anak pemerintahan prabowo subianto terus benahi kekurangan penting jangan langsung divonis gagal,positive
tmpat cair mbg rentenir punya banyak uang wkwk beli mobil mewah cepat haha makanannya parah dikasih anak sayurnya daun singkong tua hahaha,negative
diuntunjan kroni kroni,neutral
tanyakan rumput tetangga sebelah,neutral
pedagang kaki lima menurun omsetnya karna dampak kenaikan harga kebutuhan pokok akibat adanya mbg,negative
mirisnya indonesiaku,neutral
merusak pasar harga jadi mahal,negative
mbg tak meningkatkan konsumsi bahan makanan tanpa mbgpun anak indonesia tetap makan mbg memindahkan rejeki banyak orang spt penjual cilok cimol cireng semcamnya pengelola kantin sekolah jumlahnya banyak sekali berpindah pengelola dapur sppg karyawannya jumlahnya jauh lebih sedikit mbg menciptakan sedikit lowongan kerja menimbulkan banyak pengangguran baru selama dicekoki logika sesat prabowo,negative
keterlibatan umkm kecil bukan berarti gagal menjadi peluang memperluas partisipasi pelaku usaha mikro tahap berikutnya melalui pembinaan kemitraan,positive
kenaikan permintaan bahan pokok mbg dilihat tanda meningkatnya perputaran ekonomi peluang petani produsen lokal,neutral
program sebesar mbg menjangkau jutaan penerima membutuhkan proses adaptasi penting manfaat utamanya pemenuhan gizi masyarakat tetap berjalan terus diperbaiki,positive
untungkan orang tertentu terutama punya modal membuka mbg,neutral
mengkritik program berskala nasional baru berjalan satu tahun berdasarkan kendala logistik beberapa titik pandangan kurang proporsional tidak program sebesar dunia langsung sempurna tahun pertama pemerintah sedang melakukan finetuning sistem distribusi masalah rasa kesegaran sayur tantangan operasional lapangan terus dievaluasi melalui standar dapur satuan pelayanan jauh lebih penting keberanian politik memulai pemenuhan gizi anak bangsa masif memutus rantai stunting puluhan tahun menghantui indonesia,neutral
namanya program raksasa baru jalan setahun masa adaptasi masalah sayur kurang seger porsi dikit kendala teknis lapangan terus diperbaiki lewat evaluasi tiap hari fokus utamanya kan ngebentuk kebiasaan makan bergizi buat anakanak selama mungkin cuma jajan sembarangan progress over perfection,positive
ancoor mbg bubarkan orang semuanyajadi kacausemuanya,neutral
untungkan klompok,neutral
mau dibawa indonesia besar pemerintah sekarang,neutral
nnah lu ibu ibu rumah tangga menjerit pangan naik ancorree,neutral
pakai nanya siapa diuntungkan jelas kroni gemoy fufufafa,neutral
mbg manfaat lebih banyak mudarat,negative
dampak nyata sembako jadi naikttp untung pemain mbg,neutral
program apa inijuru masaknya ambil bagian anggaran,neutral
stop mbg,neutral
aku wong ndeso program mbg pembodohan garong berkedok gizi coba dana jk otakatik bila buat pabri brp ribu pabrik berapa puluh juta menyerap brp tenaga kerja presiden kurang jeli dlm mengambil keputusanprogram terkesan grusagrusuh,negative
rakyat awam tahu semuanya tidak mungkin presiden tidak tahu apa selanjutnya gini gini terus rakyat tetap jadi korban,neutral
untungkan org dekat pemerintahan kalau mbg dikelola sekolah masing insyaallah semua wilayah merata terdampak merasakan manfaatnya semua pasar bergerak,neutral
mbg ganti uang tunai sj,neutral
untungkan pejabat bersangkutan dn pengelola mbg,neutral
satu tahun berjalan satu tahun banyak baru beberapa bulanbahkan daerah jakarta belum berarti tidak digeneralisasi berjalan satu tahun,neutral
diuntungkan pemilik mbg,neutral
buat pengkritik program pemerintahan prabowo sebaiknya berlaku sama prabowo jgn melihat realita kehidupan masyarakat dekat tapi lihat atas pesawat terbang indonesia terlihat baik baik rakyat bahagia,positive
untung bejabat punya duit spa bilang gratis bajak dr rakyat ko,neutral
kader partai busuk jelas diuntungkan,neutral
untung pelaksana ngoroti dana,neutral
untungkan punya proyek pr koruptor nan klu nyawa mlyg,neutral
mbg lanjutkan sangat bermanfaat kitekite bekerja tidak nganggur terus,neutral
pejabat penuh cemburu dana mbg lari rakyat,neutral
halloooo mbg hallooo pak wowo menteri jajarannya lebih penting urgen manamemaksakan program egois mbgmakan bergizikadang beracun gratis namun anggarannya jumboyang riskan sekali sengaja dikorupsidibuat bancakan kawan pak wowo dibandingkan pembangunan infrastruktur perbatsanyg notabene menjadi wajah indonesiapenyediaan lapangan kerjayang membiayai anak sekolah pendidikan murahbahkan kalau gratis syarat penerima kip sekarang penghasilan ortu dibawah umpumk artinya sekarang dipersulit sangat sulit sekalimungkin anggarannya tersedot mbg,negative
diuntungkan koruptor kroni kroninya prabowo rakyat dirugikan,neutral
lebih baik dihapus mbg kasi uangnya aja makanan kadang basi untung atasan mengola kadang dibuat bisnis,positive
untung koroptorygpunya kepentingan,neutral
tau sama tau aja,neutral
taukah siapa pemilik dapur mbgkalangan orang dewan banyak memiliki dapur mbg,neutral
rakyat makin susah korupsi kolusi nepotisme sangat terang terangan rezim saatnya revolusi,negative
klw semua sekolah menolak semua tutup dg sendirinya,neutral
untung korupsi rakyat mh tidak dapet untung,negative
pak prabowo msh tidak ngerti kl mbg sarat dikorupsimending pendidikan gratis kesehatan gratis pak lebih manfaat,negative
setuju tidak sifatnya relatif diuntungkan dirugikan sebagian perputaran uangnya pindah kelompok satu kelompok kantin sekolah dapur mbg anak bawa uang jajan tidak orang tua merasa tenang tau anaknya makan siang biasa aja penerimanya anak orang tua mampu anak orang tua tidak mampu labil kadang mampu kadang tidak masyarakat setuju tidak setuju dilatari sikap politik tidak sama sekali relatif absolut berantas korupsi,neutral
semakin bobrok negeri istana hnya menima laporan kalau masalah laporn anak kecil tau semua laporkan misti baik walaupun faktanya busuk,positive
segi politik diuntungkan jokowi and gibran makanya gibran lebih memilih mengekor tidak ikut cawe cawe progam mbg pridiksi maju kena mundur kena,neutral
semakin parah,negative
berlindung dibelakang kata rakyat sekian banyak dapur hitung berapa persentase dimiliki orang parpol pemenang pemilu sekedar duit tim sukses,positive
parah,negative
kasihan urat malu prabowo putus tinggal urat malu kemaluan urat kemaluan prabowo putus tinggal masuk liang lalu bawa semua proyeknya tinggalkan rakyat menderita,neutral
paling untungkan mbg prabowo menkeu,neutral
hentikan mbg,neutral
diuntungkan orang kaya punya dapur mbg,neutral
diuntungkan orang tertentu kaya,neutral
patronase,neutral
tukang jual nasi bu pak,neutral
mendiskusikan mandiri tidak masyarakat terdampak tidak sah mbak sama halnya kalian membunuh rakyat kecil pelan pelan turun lapangan sini,neutral
gua si tidak setuju mbg lebih setuju sistem kupon lebih bagus kalau sistem kupon ibu anak membelanjakan anak kalau orang tua mebelanjakan memilih produk terbaik gizi anak tanpa problem keracunan tidak tu namanya proyek,positive
gede bohongnya,negative
boycott mbg boycott korea selatan,neutral
pencuri berseragam,neutral
hati kalau semua rakyat pemerintah meng,neutral
program mbg salah satu program politik,neutral
mbg bikin harga bahan dapur melejit penjualan semakin sulit harusnya mbg diuangkan meminimalkan korupsi menghidupkan warung kecil,negative
untung vendorsatu porsi rbisinya tau sendiri,neutral
sebentar jadi srilanka berikutnya jadi negara gagal hutang ln membengkak menghamburkan anggaran program populis tujuannya ganda memperkaya rent seeker kroni mobilisasi suara electionsmudahan rajapaksa yunior tidak kabur,negative
pmerintah pinter nyari program mnambah celah koprasi mnding pndidikan ksehatan gratisn aja tidak prlu dinas sosial bpjs lumayan irit gaji pjabat asal ktp indo free ksehtan pndidin,neutral
siapa punya ide mbg,neutral
ayo pak prabowojanjinya mana katanya mau mensejaterakan rakyatttt,neutral
apalgi sekarang tni polri kan sppg sangat ngaco goblokx,neutral
lengserkan wowo gibran dah jelas bloon tolol,neutral
lengserkan wowo gibran krna jelas program nasional serampangan,neutral
pembuatan dapur mbg sangat besar biayanya terus mana mendapatkan keuntungan pemotongan anggaran mbg tsb,neutral
mbg jadi bancakan kroni wowo pemodal besar mendapatkan untung besar,neutral
untungkan mbg pemodal besar kroni wowo,neutral
diuntungkan mitra miliyar lebih pertahun broh belum mainmainannya tapi kan bertanggung jawab dg an porsi hari bertanggung jawab bkn punya tapi bekerja situ tapi kan adanya sppg buka lapangan kerja besar iya gw tahu tapi sistemnya memilih pilihan mengorbankan cm dikasih lowongan kerja dg gaji kira umr aja goblok jadi buta sama fakta mbg bkn mengorbankan penghasilan pedagang kecil peserta bpjs guru honorer tapi merusak sistem awalnya semrawut jadi tambah ndk karuan tunggu ketimpangan sosial puncaknya negara mempercepat chaos menundanya justru sesegera mungkin introspeksi diri,neutral
kalau tidak sabotase proyek proyeksikan kwalitas generasi muda lebih baik mbg sebenarnya strategi mendapatkan sumber daya manusia kualify bila tercapai wajib militer diaplikasikan paling tidak total penduduk indonesia menjadi cadangan nasionaltapi tergantung badan gizi nasional mengamankan sistem makan bergizi gratis terutama sppgnya unit dapur lapangannya satuan pelayanan pemenuhan gizi unit lapangan ketat profesional menjalankan protap paham membangun sistem menjaganya bukan mudah makan bergizi gratis penting buat membudayakan mendidik mendisiplinkan anak indonesia makan makanan bergizi bukan junk food frenchising dipaham banyak clandestine contra inteligent indonesia mengupayakan tidak berjalan indonesia,positive
belum dikorupsi pembelian sayur kebutuhan pokok ambil keuntungan masing item dikasih dimasak sayur tidak fresh,negative
mbg tempat kue,neutral
kalau soal kamu jadi umpan provokator si iri tidak dpt proyek musuh politik prabowo terutama pdip gencar menyebar fitnah alatnya medsos konten kreator kecipratan cuan to to ngaku aja modal bacot dpt cuan cari kerja susah lebih baik bikin konten fitnah apa sajalah penting cuan masuk,positive
untung pejabat elite parpol institusi timses relawan kroni kemaren dukung presiden gubernur bupati kalau orang diluar pusaran diatas jangan harap berlebih mau ikut kerja susah,neutral
menghidupi bagian dr partai kedepan dukung prabowo biar mbg bikin sengsara murid sekolhguru tetap wo wo gk peduli mau dihujat muka tembok baiknya pemilu tidak usah milih dpr gk da fungsinya,positive
diuntungkan koruptor baru relawannya hentikan,neutral
diuntung pejabat daerah dprd sekda polisi punya mbg lebih wkwkwk,neutral
untung kroni kroni nyadan partai pendukungnyadi gunting gaji pegawai mbg kampung,neutral
diuntungkan beri makan satu lainnya banyak to orang proyek ha ha ha,neutral
kalau uang mbg dibagi rata semua penduduk indonesia masing setahun kalau dikasih orang miskin kali lipatnya,neutral
belum dpt,neutral
negara posisi parah ujungnya rakyat mendrita,negative
setuju kalau terus dievaluasi tapi sayang sangat kalau diberhentiin,positive
tapi mbg bikin semangat,neutral
anak kenyang belajar fokus kualitas meningkat simpel tapi efeknya besar,neutral
pemerintah hadir rakyat semoga bangsa aman damai sejahtera tidak memprovokasi,neutral
bijak memposting konten media sosial unggahan berdampak opini publik memengaruhi stabilitas sosial,neutral
anak kenyang belajar fokus kualitas meningkat simpel tapi efeknya besar bukan cuma program tapi fondasi buat indonesia lebih kuat depan,neutral
pendsost priyek mbg hsnya menguntungksn orabf orabg twrdejat darubpengyasa,neutral
stoooooop mbg stopppppp,neutral
orang tua aku apresiasi sangat komitmen pemerintah soal kesehatan anakanak,neutral
serius ketahanan pangan lokal teruji lewat program mbg,neutral
mbg kayak nafas baru buat umkm banyak temen gue kerjanya survive supply makanan sekolah,neutral
penjual sayur lokal semenjak dipake mbg permintaan naik dapur tidak pernah sepi pesanan,neutral
kebijakan mbg memang butuh perbaikan tapi lapangan merasakannya jangan langsung disudahi,positive
mbg sekolahku beneran ngasih perubahan besar terima kasih buat semua make this happen,neutral
birokrasi komplek,neutral
usahaku jual makanan ringan skrg makin laris anak sekolah tidak jajan sembarangan makasih mbg,neutral
walaupun program belum sempurna tapi manfaatnya beneran nyata sistem dievaluasi tapi jangan dimatikan,neutral
gue denger beberapa masalah soal mbg tapi tidak nutup kemungkinan manfaat nyata dirasain banyak warga,neutral
tanpa mbg keluarga susah sangat urus makanan anak sekolah skrg jadi lega tiap hari,neutral
kegiatan dapur sekolah makin rame banyak ibu tetangga ikut bantu jadi punya penghasilan tambahan,positive
peluang kerja baru buat warga datang mbg semoga tetap jalan terus,neutral
mbg bukti negara hadir buat susah makan rumah,neutral
sebenernya mbg keadilan akses gizi buat semua anak kawal biar tetap bermanfaat,neutral
semoga depan mbg berkembang sistemnya makin rapih manfaatnya makin luas,neutral
guru aku ngerasain sangat perubahan anak kelas tidak sering ngantuk mbg,neutral
umkm lokal makin hidup sekarang tiap minggu pesanan rutin bahan dapur mbg,neutral
tidak semua kritik jelek asal pengawasan samasama mbg terus diperbaiki,neutral
thank you buat siapa aja mau terlibat bantu mbg biar tetep jalan,positive
tidak bnyak program pemerintah sedeket sama rakyat mbg salah satu sukses,positive
mbg jadi ruang keluarga ekonomi bawah dapet asupan gizi cukup,neutral
program makan gratis bukan sekedar makanan aja dampaknya luas ekonomi rakyat kecil,neutral
mbg layak dipertahankan jangan cepat ditutup gara isu tidak jelas lebih baik perbaiki kekurangannya,positive
seneng liat program macem gini jalan terus kritik tapi anakanak tetep makan enak tiap hari,neutral
anakanak sekolah sini bilang tidak pernah skip makan siang berkat mbg,neutral
nambahin sedikit mbg ngasih rasa aman ortu soal makan sehat sekolah enak sangat,neutral
investigasi penting buat perbaikan tapi jangan atur persepsi publik tanpa liat lapangan,positive
transparensi dikejar programnya jangan dimatikan dulu,neutral
bakal lebih oke kalau pengawasan bareng jadi baik tetep diterusin kurang dikoreksi,positive
mbg tidak bantu anak tapi bangkitin ekonomi ibu kampung gue,positive
percaya relawan tiap pagi liat anakanak nungguin makan sehat suka sangat sama programnya,neutral
naik ekonomi petinggi mbg,neutral
banyak makanan mubadzir anak tidak mau makan dibuang dr menu mbg pakan ayam bukan keseimbangan gizi anak,neutral
pemerintak tidak mendengar youtube inikarena program hem hem hem,neutral
setop mbg pokus sehatan aja buat apa perut kenyang tapi tidak sehat,neutral
gw pengusaha toko plastik melayani pedagang makanan umkm langganan jualan kantin sekolahan mbg semua langganan bangkrut tidak jualan lg kantin sekolahan belum lg langganan biasanya jualan depan pekarangan sekolahan jg mengeluh omset turun drastis penjual sarapan pagi jg mengeluh anak sekolahan tidak beli sarapan pas sekolah langganan jualan pasar basah jg mengeluh sepi omset jg turun drastis sisa bingung kalau semua mengeluh siapa untung adanya mbg,neutral
alhamdulilah uang saku anak utuh,neutral
adanya mbg sy jadi hilang penghasilan sy catering sekolah hampir thn adanya mbg sy tak penghasilan lg sy bingung hrs cari kerja apa lg nyambung hidup umur sy mbg benar meramoas penghasilan hidup sy,neutral
lg balik modal,neutral
tidak benar dankotor semuanya bilang tidak benar korupsi tidak efisien tapi diri sendiri buat cara baru korupsi banyak dikritik teaap mati an dipertahankan,negative
bubarkan mbgprogram sangat absurtdan merusak tatanan kehidupan masyarakt kecil,neutral
semakin subur makmur rakyat indonesia raya hidup jokowiiii,neutral
segera bertaubat wahai kaum buka pikiran hati kalian cukup periode aja,neutral
mbg jalan tempat lom siap uda maksaindasarrrr kerja timses tingkat kelurahanga adil sppg bgn diangkat asn duhhhadehhhwowo wooi,neutral
program mirip covid bentuknya berbeda,neutral
apes jadi wni,neutral
apa bener katanya kaya punya yayasandalam dapur menghasilkan jt perbulanjika yyasan punya dapur pendapatan yayasan woww sangat tiap bulanbener tidak,neutral
pedagang kecil sekolah jualannya jadi sepi salah satunyakenapapikiran dewelalu satu persatu mulai pindah cari lokasi baru tentunya mulai nol,neutral
bapak gue pensi dagang sekolah,neutral
mbg banyak membunuh pelaku ekonomi kecil jumlahnya jutaan jualanya ndak laku biada jualanya dekat sekolah aduuh kasihan rakyat,neutral
sy relawan sppg daerah banyumas benar mmg ulasan video banyak tidak tau spt apa capeknya krj jadi relawan mbg,neutral
program jembutt,neutral
lebih penting makan gratis sekolah kesehatan gratis,neutral
susu uht pasar susah jadi ikut naik,neutral
diuntungkan bos bos pemilik dapur,neutral
mbg dibilang hubungannya buat pilpres pravda ocen smeshno,neutral
memang program utama memajukan negara adlh pendidikan gratis meningkatkan kualitas menaikkan gaji guru menggratiskan meningkatkan fasiltas kesehatan rakyat melakukan penegakan keadilan hukum mengerjakan program spt sngt repot mikirnya capek beda program mbg gentengisasi cuan cara baginya jelas politikus setuju jadi semuanya aman tentram,positive
mbg jadi sarang kejahatan sosial,neutral
ongkos omongkosong ppg kpl ppg kaya tidak pernah sekola baik sekolah formal sekolah lingkungan sekolahsikologo sekolah rasa kejiqaan,positive
lebih yayasan diuntungkan,neutral
untung mengelolaanak mah palingan dapetnya rb rupiah kalau dinominalkan coba kalau langsung dikasihkan dlm bntuk uang anak orang tuakn tak perlu repot bangun dapurmasak memasakdan tidak sunat menyunat uang diturunkan dr pemerintah,neutral
biasanya dagang sekolahan umkm menangis mau mengadu sama siapa,neutral
ratusan triliun bangun banyak pabrik investasi membuka lapangan kerja orang tua masak makanan bergizi anaknya bukan program mbg tak bergizi sangat,neutral
program gagal buang duit tidak sedikit kebagi mbg malah tidak makan lebih baik dana buat kesehatan lebih banyak orang terkendala berobat bpjsy membengkak belum terbayarkan,neutral
netizen terbaik,positive
ancurrr along sayur keliling gk dpt bahan pasar gawatttlh hapus ja mbg gk menguntungkan mubazir,neutral
punya pengalaman apa anak mbg,neutral
diuntungjan koruptor,neutral
mbg cara cerdas probowo ngasih makan orang partai uang rakyat,neutral
apa hubungannya harga pangan naik program mbg,neutral
untung dapurx,neutral
hari bawa makanan sisa anak sd tidak habis dimakan,neutral
negeri lawak lebih baik kasih uang aja biar meminimalisir korupsi orang cari untung program mangan gratis,neutral
bnyk keracunan tu,neutral
pak mbg lebih baik stop lebih baik bikin program bermanfaat terpenting jangan pakai pengurus mbg program baru,positive
untungkan koruptor,neutral
mbg hentikan banyak anak anak tidak doyan lebih baik uangnya orang tua murid layanan kesehatan lansia tidak berpenghasilan,positive
insyaallah pejabat dulu bukanlah orang kayakarena kalau orang kaya tahu mana letak kebahagiaan sejati dipikir biar bahagia kaya segala macam caranaudzu billah min dzaliklihatlah raja raja asli melakukan berbagai cara adil bijaksana membahagiakan rakyatnya,neutral
proyek mbg tunjuk bosnya supirnya berusaha masuk proyek tidak meski kasi uang pelicin ratusan juta ingat jangan coba coba lobby proyek tidak bakal kamu,neutral
mbg tidak ngaruh perbaikan rakyat kecil malah bikin masalah rakyat kecil penuhi kebutuhan sembako murahlapangan kerja sekolah gratisberobat gratis,positive
mau gimna rakyat kecil jdi korban ajhyg kecil trs terijak tail kalian semua,neutral
diuntungkan punya modal besarkarena membangun mempersiapan dapur dg fasilitas beaya besa jadi pegiat usaha kecilpun cuman jadi penonton,neutral
mbg proyek terkorup sepanjang sejarah republik indonesia,neutral
jelas terlibat,neutral
mbg setahun wilayah kota kalau desa plosok baru awal januari,neutral
mungkin golongan teriak nyinyir mbg belum kebagian jatah dapur mbgatau kurang kasih kue rupiah makanya berisik,neutral
terimakash pak prabowo mudahn panjang umurnya,neutral
banyak mengeluh perekonomian sekolah banyak terganggu dapur mbg sebagian besar jadi bancakan keluarga saudara teman pejabatasn harga bahan pokok ikut naik diborong dapur mbg,neutral
presiden hapuskan mbg,neutral
semrawut,neutral
lu kena tipu sama org ngaku bantujn lu proyek mbg,positive
blitar banyak belum dpt mbg gimana masutnya tidak merata,neutral
untung mah ngelola,neutral
kalau program bagus soeharto dulu bikin ternyata enggak kan aja cukup menjawab,positive
betul kata hermawati setio rini,neutral
betul kata bima tutup mbg,neutral
tanya ko rakyat soal untung tanya pemelintah perabowo dong bisnis pala penguasa,neutral
mnding uangnya ajakan lumayan ngurangi anggaran,neutral
adanya mbg banyak penjual pd nangis,neutral
payah susah raja omon omon tidak mampu tidak mau kritik,neutral
pejabat kroni kroni,neutral
cari capres anti mbg,neutral
cari capres kalau prabowo gandeng gibran mbg kota desa tidak,neutral
cari capres kalau prabowo gandeng gibran,neutral
mbg jalur korupsi terbukti banyak keracunan,negative
mbg tidak mengurangi kemiskinan mbg sebaiknya diganti mbb makanan bergizi beracun anak sd ngada bunuh diri tidak mbg,positive
kantin sekolah bangkrutt,neutral
anak makan kali sehari tapi bayar inflasi sayur ayam telur naik drastis,neutral
penjual makananwarung sangat sepisejak adanya mbgyg untungkan pemilikdapur mbg,neutral
tapi merasa semenjak mbg jualan susah barang dak mahal telok dak turun pokok susah pak prabowo denger liat kenyataan,neutral
bgn kaya mendadak,neutral
mbg realnya tidak efektif merugikn negaradisi negatifnya mudaratnya lebih besar sisi manfaatnya positifnyakalo diteruskan sama merusak mental pejabat merusak mental rakyat merusak mental generasiartinya wajib dihentikan hukum,neutral
dahlah jelas siswa cuman untung banyak mulai pekerja mbg tiap hari bawa pekerja punya mbg sehari ambil untung juta kalau emang program dikelola baik tepat sasaran ditangan orang tua siswa tidak pengganti lebih baik,positive
diuntungkan mengangkat tema dipertanyakan kebenarannya berkaca dulu melontarkan pendapat baru punya rasa malu,neutral
siapa diuntungkan rakyat dong banyak tenaga kerja terserap siswa makan cukup bismillah jadi menteri pendidikan tahun depan,neutral
anak banyak tidak suka makan mbg lebih baik jajan kantin sekolah akhirnya mbg mubazir kebuang guru sering bawa pulang mbg dibagikan tetangga membutuhkan bila makanannya layak kalau tidak layak buat makan ayam mbg sangat tidak efektif gaji karyawan mbg sama asn guru swasta berjuang lebih tahun gaji bawah umr sangat miris perhatikan guru swasta pak prabowo kebijakan sedikit lebih cerdas pak,positive
tidak usah program program apa efectnya susah bikin apa sj bermasalahwong org indonesia semua butuh duit kebanyakan mental korupsiudah gitu semua merasa pinter pinter semua punya pendapat akhire kebanyaken pendapatsusah diatur sok pinter padahal bnyk pendapat kalau jadi pejabat sama nasibnyapokoknya lingkaran membingungkan akhirnya bangsa tambah bobrok ekonominya,negative
hapus mbg ganti uang,neutral
lahan korupsi subur mbg,negative
kantin sekolah sepi pembeli,neutral
tksh pejabat,neutral
nepotisme korupsi kolusi apa,negative
menyerap tenaga kerja biaya apbn pajak rakyat,neutral
pemilu gk usah plih calon mengusung mbg lgi dech kyaknyabanyak uang negara terbuang cuma gk jelas entah kmna,neutral
jelas aja nanik deyang membantah salah satu tim ses prabowo diduga kuat mendapat keuntungan bagibagi kue,neutral
yayasan proyek punya pejabat pekerjanya sodara sendiri,neutral
orang desa merasa senang mbg tapi lebih meningkatkan dampak positif pola pengelolaannya diperbaiki jangan dimonopoli pemilik modal pedagang kantin sekolahan petani lokal dilibatkan memang jadi kendala bahan baku mbg masyarakat lokal tidak punya produksi beras lombok sayuran,positive
belum pedagang omset turun drastis,neutral
program mbg sialan bikin inflasi menggila harga barang naiknilai tukar rupiah makin anjlok,neutral
hentikan mbg program empat sehat lima sempoyongansempoyongan pedagang kecil desa mulai resah mulai menjerit emak tidak beli nasi kuning lagitdk beli nasi campur lagimembantu bagus anak tapi orang tuanya mati daganganya tidak lakuikan desa podo mahal,positive
seorang anak ntt meregang nyawa karna tidak mampu beli alat tulis pejabat tamak rebutan proyek dapur embege,neutral
mbg mudah korupsi mbg membunuh kantin sekolah gulung tikar,negative
pedagang kecil nangis,neutral
betul penjelasannya mbak,neutral
bener klu mulut busuky cari cari kesalahannya,neutral
umkm menjadi korban th bisnis gabtau baru kali jualan susah sepi pembeli hilang,neutral
data ekonomi mbg satu dapur pis makanan dapur omzetnya juta perhari kerja orang,neutral
diuntungkan mitra yayasan bukan umkm,neutral
pemilih prabowo gibran siap memaafkan janji program tidak dilaksanakan lebih baik diberhentikan sekedar menjalankan janji kan jakarta anak anak tidak suka istilahnya krna gratis dn dibagikan aja kalau tidak usah perlu dimakan rasa gambar tidak enak nasinya keras belom pernah pujian enak loh nasi uduk harga goceng sekalipun please hentikan mbg cuman merugikan habiskan anggaran menerima tidak pernah puas percuma,positive
mbg mendingan sekolah gratispondok gratis,neutral
harga bumbu bumbu naik gara gara mbg stop mbg,neutral
ujung karyawan sppg pemilu diwajibkan nyoblos kalau tidak nyoblos phk dipastikan menjelang pemilu dinaikan dl gaji,neutral
berhentikan mbg hanja menjadi lahan korupsi nantinja,negative
embunuh ekonomi pedagang kecil wo,neutral
fakta dpt tender tmpat dapur mbg tsb rata org kenalan kader partai menang kemaren pkoknya positif bnyak jg negatif trlanjur basah janji dijalani,neutral
stop mbg ganti jadi pendidikan gratis makan mulu dipikirin otak tidak diupgrade omooooon omoonnnnn,neutral
untung tenaganya mosok gajinya melebihi diatqs umr gaji guru tenaga lainnya sangat mengerikan sebulan,neutral
ayam rmh sy ikut dpt untung dr mbg hampir tiap hr kakak sy bawa makanan sisa byk anak gk mau mkn jatahnya walaupun ayam sy pd seneng tapi sy turut prihatin mbg sy menguntungkan pihak ttt termsk ayam sy,neutral
adakah datanya minimal kasih data numerik mbak jangan narasi sm ambil simpati orang mudah aja pd percaya minimal riset dulu,neutral
apa sama menanam loyalis,neutral
mbg tujuan mbantu masyarakat terutama anak anak cil lansiaibu ibu hamil kalau tanya mbh siapa untung masyarakat kalau memang kecil racunan isu korupsi tinggal mengevaluasi makanya masyarakat minta kalau memang mbg tidak beres tinggal melapor jadi tidak usah mbg jadikan manuver politik,neutral
emang prediksi kejadian mulai ekonomi lemah bakal phk massal program berhenti tapi terjadi baru awal,neutral
untung pak wowo periode spt jkw bltnya,neutral
jadi tumbal rakyat kecil,neutral
banyak team pemenangan kelolambg,neutral
banyakkelebihanmasakan dibawah pulangtukangmasak sanggat berlebihan ter buang sebabtidakadanyaperhitungannahanbaku dimasak bahkanjadi bisuk,neutral
wah duit nih kasih mbg odm aja sisanya masuk kantong buahahahaha asuu,neutral
sumut pest beberapa masyarakat membawa kresek jadi tempat sisa makanan gukguknya dirumah anjingnya jadi tau kalau tuannya pulang pesta tapi selama mbg guru bawa pulang makanan kerumah sabtu minggu berarti bossku tiap hari pesta pikir anjingnya ternyata mbg tidak dimakan murid dibawanya pulang anjingnyapun menjadi cepat gemuk,neutral
program oon perut isi otak kosong,neutral
pak bowo mikir sampek situ,neutral
biasalah survai dulu detail baru bicara biarkanlah data bicara jangan mulut biar fair fakta,neutral
proyek mbg makan beracun gratis,neutral
indoneia terlalu luas bro kalau lapangan krja mbg tidak cukup tidak proyek insfratuktu masyarakat krja uang tuk memenuhi kebutuhan hidup apa anak sekolah,neutral
pertanyaan macam apa ituya jelas untungkan yv punya proyek pegang dapur mbgsedangkan siswa tidak menguntungkan sedikitpunbuat negara jelas merugikan,neutral
untung menganggap mbg lahan menguntungkanyuk kerjain,neutral
cuma daptar doang mbg tidak jadi jadi mana persyaratannya buat npwp keluar uang dulu,neutral
jelas kejadiannya banyak keracunan mbg kalopun tidak keracunan tapi mbgnya tidak layak dimakan ky ngasih makan kucing padahal tuh dicoba kucing jg tidak mau makan seneng mbg mana bagian gua,neutral
gerak manipulatif negara rakyatnya menggantikan sistem gagal sebenarnya program dibuat alat kontrol elektoral kecurangan halus kasih umpan manis pertahankan ketimpangan struktural gerak manipulatif digunakan program kebaikan beli loyalitas kelas bawahsembunyikan fakta kebijakan asli hukum timpang prioritas korporasi justru berimbas perilaku peras rakyat miskin,neutral
saudara pedagang bakso goreng cilok mengeluh sejak mbg dagangannya jadi tidak laku sekarang berhenti menganggur,neutral
prabowo tidak pantas jadi presiden ri,neutral
program andalan mbg soal dilapangan tau sendiri gagal ciptakan juta lapangan kerja mbg mau bagus mau bermasalah dipaksa jalan jdi guru kalau istirahat ug dibahas mbg,neutral
yuu pak menkeu mbg uang kan aja biar ibu masak dn ngasih bekal anak insyallah pasar pedagang kecil bakal makmur pertumbuhan ekonomi bakal merata,neutral
harga naik pohon pisang,neutral
mbg maling uang rakyat berkedok gizi,neutral
untungkan kontraktornya kaya jdi makin kaya,neutral
salah satu program pengambangan sdm mbg data mengatakan anak indonesia kekurangan gizi pemerintah bergerak berdasarkan data pemerintah paham aset paling berharga manusia produktif kalau anak kekurangan gizi aset terpenting indonesia berpotensi tidak produktif gunanya mbg membelanjakan trilyun setahun memastikan populasi menghasilkan ribuan triliun mulai tahun kemudian langkah strategis tepat,neutral
mbg bikin pusing sayuran mahal langka dipasaran diborong dapur mbg gas elpiji langka jadi mahal rakyat kecil susah,neutral
kerja kluarga punya mbg,neutral
heran program bagus tapi dampaknya kecilkecil tidak mainmain,positive
mbg jadi sapi perahan korupsi dilegalkan dg dalih rakyat tidak diperiksa penegak hukum,negative
malah kota kampung pelosok tidak tuh dpt mbg,neutral
seandainya uang mbg total dibagikan seluruh rakyat indonesia jt per kepala brp per kepala gimana kalau uang mbg dibagikan rakyat sj per kepala setuju,positive
pedagang nasi padang tambun bekasi merasakan efek mbg pembeli berkurang,neutral
berikan uang tunai stiap bulanbiar buat kebutuhan siswa,neutral
guru honorer layak protes pengangkatan pppk pegawai sppg mbg dana mbg ngambil dana pendidikan supir mbg semacamnya digaji layak tu make dana bwt pendidikan banyak guru digaji umr aja tidak kudunya kalau pemerintah mau mikir bener tidak usah mbgan lihat aja hidangannya aja model bgtu kaya gitu dibilang bergizi lebih baik stop mbg dananya pindahin buat ngangkat honorer jadi asn duit mbg sehari keluar trilyunan mubazir sangat pantes honorer protes sekatekate bilang siapa suruh jadi honorer merasa janggal mbg tahun ambil dana pendidikan dana pendidikan dipakai menggaji tukang masak tukang cuci piring sopir mobil pengantar mbg artinya dana pendidikan sendiri sebenarnya menggaji guru honorer gaji layak tapi tidak dilakukan dulu tidak dilakukan sekarang dibajak mbg,positive
intinya kaya makin kaya miskin semakin miskin spt sy jual telor pasar sbg pengecer lbh mahal kandang dr penawaran masyarakat menurun dulu sblm mbg sy dpt jualan per hari satu juta tapi mbg dpt cuman pr hari trus untung gk seberapa lbh untung waktu sblm dtg mbg karna mbg tidak belanja pasar melainkn mmborong pasokan telor akibatnya tlor loncat naik jadi prsen,neutral
mbg niat ganda politik tidak mulus kurangi manfaat,neutral
mudah mudahan negara bangkrut,neutral
kalau memang sasaran berarti anggaran tidak perlu sebanyak triliun rasa terlalu banyak sekali,neutral
susah memilah cuma anak dikasih makan anggap sasaran utama memastikan berkurang sasaran kedua sisanya bertambah gizinya,neutral
jan rumah tanggamu mbak,neutral
semua sppg nepotisme parte untung punya uang,neutral
contoh baik pernah berajalanseperti lakukan ahok waktu jadi gubernur dki,positive
nek aku se kt pk ahok dulu kasih aja duitnya orang tua murid tau selera anaknya tentunya dg aturan jelas kl tidak mencerminkan keadilan lha anaknya wong kaya dapet mbg lebih baik doyan semua diragukan banyak makmur ayam sama anjing dapet sisa mbg banyak pakai sangat,positive
isi kepala pejabat duit duit tanpa memikirkan ekonomi rakyat lesu akibat proyek bancakan,neutral
hampir pemilik berafiliasi,neutral
salah pilih presiden sepertinyakroni cendana dipilih hancur,neutral
bukan penghematan bukan efisiensi uang negara justru pemborosan terbukti keuangan negara defisit hingga lebih triliun disekolah mengajar hingga belum menerima program mbg bahkan sekolah banyak mengalami kerusakan sarana prasarana pendidikan berkalikali mengajukan renovasi tapi hasilnya nihil mungkin nunggu sekolah roboh baru dibangun pemerintah ironis memang,neutral
lelah menjadi budak mbg,neutral
mbg banyak masalah prabowo kaji ulang,neutral
ekonomi tambah parah berjualan sekolah banyak tutup harga se hari elonjak,negative
diuntungkan panitianya titik,neutral
kayanya banyak sisi negatif positif eh bukan kayaknya deng,neutral
dengar nih pemilik dapur mbg mendapat untung bersih rp piring diswa kalau satu dapur melayani untung bersih perhari rp rp juta kalau satu bulan hari untungnya rp sebuah keuntungan sanat menggiurkan memang aku dengar berbagi dg pihak pihak tertentu mulai dr oknum partai aparat anggap dibagi untung bersih juta woo fantastis kl cerita benar tapi kl lihat menu sekolah cerita kayaknya benar,neutral
bagaimana nasib bekerja mbg prabowo lengser,neutral
ekonomi tidak aktif mentri ekonomi kasian pedagang kecil,neutral
program pembodohan balut istilah makan gizi gratis padahal dananya rakyat asudahlah pemerintah wowo kebanyakan pengikutnya perlu treatment khusus,neutral
pekerja mbg kebanyakan bukan warga daerah setempat tapi luar daerah tender bukan masuk daerah kabupaten sendiri kalau usul program mbg berikan langsung komite wali murid mengelolanya tidak banyak masalah terima kasih,neutral
untung menjadi proyek meracuni anak bangsa masarakat ahirnya sengsara naiknya sembako tambah sulitni rakyat jadi miskin,neutral
susah payah nyari info loker relawan mbg tetap tidak dapet info lokernya orang tertentu tidak transparan,neutral
pensiunan guru swasta tidak uang pensiun buat kue taruh kantin eh kantin tutup,neutral
subhanallah moga sehat lancar sukses bahagia sejahtera selalu bu,positive
seruju atas ulasan,neutral
untungkan anak anak sekolah makan bergizi jadi cerdas berpikir kalau pikiran orang waras jgn cari cari negatif,neutral
makanya pilih pemimpin bener jgn tua pemikirannya gk update mentok sekarang malah tidak bs apa negara,neutral
diuntungkan modal besar dg syarat punya akses politik tidak ngaruh umkm inflasi naik,neutral
sbg penjaga sekolah punya kantwn sekolah jadi gulung tikar mbg,neutral
mbg program tanpa perencanaan matang diuntungkan yayasan menguasai mbg dn kroni kroni anggota dpr,neutral
kebijakan ujung menguntungkan segelintir org dn membuka celah korupsi baru memanipulasi kwalitas bahan makanan lebih baik dana ratusan trilin difokuskan memperbaiki ekonomi rakyat lg sekarat dn angka pengangguran trus bertambah tahun tahun,neutral
usul kalau pendidikan gratis kesehatan gratis aja,neutral
termasuk warung warung pkl sepi termasuk penjual makanan sekolah sekolah kasihan rakyat kecil aduh huh huh susah,neutral
mbg hny menguntungkan segelelintir org menurunkan penjualan pedagang kecil menghabiskan duit rakyat tapi gk manfaatnya stop mbg ganti dananya meningkatkn kualitas pendidikn,neutral
jadi enak zaman presiden siapa siapapun presidennya tidak mungkin paling untungkan pihak berlawanan,neutral
makanya partaipartai tergabung kimplus makin sejahtera makin kaya relawan anggota partai kimplus tidak heboh tokoh tiap partai berani bersuara lantang mbg sangat buruk semua kader partai kicep malah mendukung saling dukung,negative
ekonomi maju juta lapangan kerja,neutral
pedagang kecil nitip kue sekolah kini berhenti mbg,neutral
untung cuma kroninya aja mana sppg beli petani bikin koperasi sendiri,neutral
hrs dana mbg buat hendel perekonomian indo biar apa murh jadi smua mrsakan bukan knya unyltk kpntingn politik aja,neutral
politik kekuasaan aja,neutral
betul,neutral
niat bener tapi salah sasaran,neutral
setuju pak pendidikan kesehatan lebih dibutuhkan mbg apabila pendidikan kesehatan maju indonesia tidak kalah saing negara,positive
pak bpk kan warga negara indonesia jangan malu kritik pemerintah,neutral
kalau bukan masalah mbg permasalahkan apbn pendidikan bermutu sekitr padahal jaman sby sekolah gratis apbn padahal hampir lipat tapi tidak dibuat sekolah gratis tahun mbg kalau tidak disalahgunakan bagus contohnya deket rumah gw mbg pengajian yayasan enakenak beda sangat sama sekolah lebih ngerti dosa keliatan contoh makannya ayam katsu saus teriyaki ikan teri pedas kentang goreng puding kelengkeng pas pertama kali gw kira anak gw beli diluar,positive
listrik gratis,neutral
semua bego bpjs bos kis,neutral
kaya makin kayayg miskin makin mringis,neutral
gaji guru jadi kecil gara mbg paruh waktu kaya gw,neutral
dikasih makan bergizi alhamdulillah,neutral
sangat bnr hl katakan bbc news bhw sbg pelaku usaha kuliner bermodal kecil semakin susah dpt bhn baku normal brdampak pd penjualan produk jadi naik shg brkurangnx pembelimemesan usaha pdhl selaku umkm terdata sbg binaan kementerian umkm sampe tingkat propjateng tapi dr pihak kementerian menutup mata kesusahan,neutral
anggaran besar masi pinjam pengelola makanan tidak sesuai porsi diuntungkn tapi pemerintah diaaaaaaam,neutral
tidak seimbang sosial gas sembako naik korupsi jelas makanan basi,negative
untung kn orang berduit punya koneksi rakyat kecil pedagang kantin sekolah spt aq klepekklepek koma jgn kn untung tidak rugi aja bagus presiden omon alhamdulillah aq tidak pilih,positive
iya byk membantu ibu ibu tidak pekerjaan,positive
program tidak jelas anak gua hari ikut beressebelum dapurnya bukasetelah hari pertama buka katanya gilir kerjanya eh sampe sekaranggua minta ganti rugi buat anak ikut kerja beres hari eh malah jawab tar lapor dulu atasangoblok semua,neutral
pedagang kecil semakin terjepit kaya punya proyek,neutral
program tak bermutu,neutral
mbg sama sekali tidak manfaatnya,neutral
halah ee kucing petani tau harga sayuran cabai cengek tidak lebih dr rb sekilo lahan tumbak tidak lebih kg seminggu terong seladah burkol brokoli tidak lebih dr rb perkilo sawi pecai tidak lebih rb sekilo sejahtera petani apanya,neutral
semenjak mbg saudara lama menganggur dpet pekerjaan sbgai tukang masak,neutral
coba sisir rapihkan rambutnya mee jiijiiikan,neutral
ekonomi makin bangkrutgk mbg menghidupkan umkm,neutral
mbg berjln tapi jgn mengucilkan guru tenaga kesehatan pensiun jgn anak emaskan pegawai mbg,neutral
diuntungkan punya duwit pejabat miskin mana punya mbg,neutral
tidak dikritik program mbg malah jadi bisnis besar si bercabang aku warga netral paling benar masak keluarga sendiri diberikan bahan makanan mentah lalu tentukan masakan apa bukannya mau berpikir buruk ntar muncul pelaku korups mbg soalnya beberapa distribusi kurang sisi siswa dapur kurang mau heran tapi indonesia aja oknum tidak professional alias korup kesempitan,negative
suruh gurunya orang jadi tester kalau layak konsumsi baru kasih muridnya kalau gk layak suruh balikin,neutral
kalau tau brp bang gaji paruh waktu,neutral
daerah purwakarta guru cuma dapet jt,neutral
alhamdulillah wa syukurillah mbak kalau realitanya,neutral
alhamdulillah,neutral
kalau warga negara biasa anggaran besar lebih baik gunakan mencerdaskan anak bangsa sebagianya mendorong sektor industri pertanian,positive
setahun program berjalan tapi tempat sekolah gue mengajar belum mbg sama sekali,neutral
gara mbg tabung gas jadi langka menguntungkan sebelah pihak pertimbangkan bikin alasan gelombang kencang padahal gas kilo pakai jadi langka rakyat ikut susah,neutral
untungkan yng punya pengelolaan mbg ny uang nyari ny ngalir masukblm korupsi ny mbg mau patenkan masuk uu biar gk berhenti ketahuan sangat niat busukny harusnya program pendidikan kesehatan gratis se indonesia,negative
lengkap tuh infonya betul semua ortu terbantu makan siang anak tapi kalau denger temen usaha kantin menurun usaha sedih jg pasar jg mahal mbg sikat sayur terbaik jadi tinggal sisa harga lumayan bingung jg tapi nikmatilah namanya hidup masalah,positive
ribuan pekerja sppg mbg diangkat jadi asn membuka lapangan kerja baru tapi ditinggalkan jutaan guru honorer puluhan tshun mengabdi pedagang krcil warung disrjitar srkolsh,neutral
mbg program duit pendukung peliban capres cawapres,neutral
mbg gentong babi cara lebih soft,neutral
siapapun capres program membatalkan mbg bakal pilih anak mbg aja merasa program program mubazir lebih baik jatah diganti jadi beras keluarga miskin dikasih,positive
hidupkan dapur sekolah adanya mbg komunikasi orang tua siswa kurang,neutral
diuntungkan oligarki lokal,neutral
daerah ntt banyak sekolah belum dpt mbg,neutral
jelas untung punya modal,neutral
proyek mbg ratusan trilyun saatnya diaudit bpk,neutral
untungkan mbg guru pengurusnya nasisayurlauk sedit belum membuat anak kenyang,neutral
cukk katanya mbg menyerap produk holtikultura katanya tapi iya katanya faktanya gk ngaruh sama sekali,neutral
ekonomi masarakat kecil tak perubahan,neutral
didaerah dapur ngasih asal jadi untung pengusaha py uangbahkan anggota dewan byk ikut mutar duit disitu kaya makin kayakl pelaksana lebih baik kuasai militer lebih aman teratur disiplin terorganisirkantin sekolah buat jadi dapur mbg lebih relevan merata,positive
yahh begitulah negara,neutral
akibat mbg anggaran pendidikan jauh berkurang,neutral
siapa menguntungkan kehadiran dana mbhpihak pihak tak bertanggung jawab,neutral
bentar ditambah koperasi merah putihapa gk makin hancur perputaran uang kecil rakyat kecil,neutral
klu relawan tidak mengharapkan gaji,neutral
mbg jalan buat korup habisin unag negara,neutral
diuntungkan cuman segelintir mafia mafia,neutral
mbg ajang koruptor,neutral
untung ialah pejabat daerah membuat proyek dapur sppg dg menggunakan org sbagai kepala yayasan,neutral
prcaya ma program pemerintah korup menelan ludah kekecewaan pemerintah cm memikirkn kawan politik sepemhaman senang cm merka aja,neutral
ibu make emas suami rokok duit buat anak mala buat gaya anak make baju putih jadi kuning aja msh make padahal anaknya dpt bantuan mening mbg biar duit dpt jelas buat kondisi anak buktinya aku org miskin tidak perna dpt bantuan apapun termasuk pendidikan tapi puji tuhan anakku baju paling putih cerdas juara kelas tidak perna nunggak biaya sekolah karna aku ayahnya tidak rokok istri tidak perna gaya lebih fokus kependidikan masa depan,positive
benar tidak pas pa belum waktu coba evaluasi sayuran jadiahal,neutral
jls orang pny modal besar dn pny relasi sm pjbt daerhrkyt cm mnonton,neutral
intinya program sekian lama berjln tapi belum jg sekolah ad kampung,neutral
tidak layak mbg dilanjutkan dikalimantan tidak pernah mbg,neutral
untung pejabat kroni korupsi sebanyak,negative
programnya mbg bagus tapi pendistribusinya jelek banyak korupsi,negative
tikus bin koruptor untungkan rakyat keracunan,neutral
program bagus tapi kurang profesional tidak transparan,positive
gua beli telur pasar biasanya sekilo sekarang penjualnya bilang maaf mas barangnya susah habis sama dapur mbg,neutral
ibu rumah tangga sy rasakan telur mahaldaging ayam mahal,neutral
mbg menghancurkan pedagang kpengecer buahanpenghancur ekonomi pedagang modal kecil,neutral
bagus kalimat semboyan untung proyek mbg pimpinan proyek atas bawah samping karyawan mbg mitra pemasok bahan,positive
program konyol tidak ngabisin anggaran lebih penting,neutral
tutup mbg sarang korupsi pejabatprabowo segera tutuplebih baik berikan uang keorg tua muridmbg proyek gaya orba,neutral
rasakan ibu beli sayur mahal lebih parah sayur pasar hilang,negative
termyata mbg tidak tepat sasaran banyak kasus keracunanmenu mbg tidak layak konsumsikebanyakan pegawai malah buang buang anggaran ribet kasih mak nyabiar mak masakin anak,neutral
namanya politik udh tidak henan,neutral
mbg tempatnya orang memperkaya harta,neutral
makan tidak bermutu buang duit lepehin mebding setop aja uos nti nangis,neutral
pejabat mbg,neutral
orang orang terdekat pengikutnya,neutral
uangkan bagikan pd siswa menerimaortu lbh tau kwmauan anakorg atur atur anak orang mau makan apa lagian pekerjanya kenal org semuabukan universalmsh byk pengangguran butuh kerja,neutral
jujur sangat diuntungkan jadi hemat belanja trmksh pak bowo,neutral
relawan gaji yaa,neutral
kompak tolak ramai aja program mbg terlalu sarat aroma kkn lebih baik dikonversi uang cash aja diberikan wali murid,neutral
namanya jagonya kalah waktu pilpres sakitnya tidak obatnya bedalagi kalau legowo,neutral
bilang kkn cuman irii iriiiiii bilanggggg bosssss,neutral
kayak gini mbg diterusinpak prabowo sehat apa pura tidak liat,neutral
namanya bgn mengawali indonesuia cobalah berpikir postif jangan sellau cari keslaahanmultiflayer efect bagus ko anak desaku sneng mbg,positive
untungkan keluarga teman sodara dewan,neutral
masakan krang segar,neutral
alhamdulillah wa syukurillah mas,neutral
untungkan pengelola,neutral
banyak sekali data dimanipulasi pihak tertentu makanya data tidak sesuai lapangan mengenaskan data fake dipercayai presiden,neutral
memperkaya koruptor berjamaah,neutral
dipaksakan program mbg jelas motif politik pemilu,neutral
diuntungkan bupati setempat,neutral
bubar kan mbg,neutral
hampir seluruh dapur kabupaten dimiliki pejabat maupun relasi suplai bahan makanan didatangkan langsung suplier besar bahkan sama sekali tidak berasal daerah,neutral
priska,neutral
sagt merusak ekonomi rakyat,neutral
betul ditempat tim sukses paslon kemarin kursi jabatan mbg kata keluarganya tahun lalu diangkat entah jadi pnspk kebanyakan orang kerja didapur mbg keluargakeluarganya bukan lulusan sarjana ahli gizi tapi jadi ahli gizi pantasan makanan viralviral bilang gula semua jadi generasi diabetes,positive
bbc soalnya tidak dapet apa,neutral
gas langka beras naik telor naik satu ayam naik,neutral
kanibalisme ekonomi bawah,neutral
anak dijadikan proyek untung kroninya si raja omon si raja tipu hidup jokowiiiiiiii,neutral
ditebak jelas sebenarnya maju cuma keluarga follower si gemoy,neutral
program terselubung prsden mengamankn untungkan hnya kroninya,neutral
lanjut aja perang dunia biar hancur indonesia,neutral
bohong bukan maju malah belangsak,negative
mbg propaganda prankwowo fufufafa periode mbg lahan bisnis kolusif nepotism,neutral
kurang evektif,neutral
hidup vegan go vegan,neutral
proyek akalan tidak kaitan dg kecerdasaan siswa menguntungkan pihak tertentu,neutral
stop mbg untung tengkulak petani ampasnya ukm jadi penontonyg untung pengusaha besar,neutral
rameh duitnya garong oknum pejabat tidak mkn gratisuang rakyat nanggung pajak,neutral
mbg membekukan perekonomian masyarakat kecil indonesiabeda blt jaman pak jokowi perekonomian masyarakat bawah berjalan,neutral
kaya untung jelas orang program usaha tersrbut,neutral
buang buang anggaran,neutral
untungkan cuma segelintir orang banyak koropsii,neutral
memang bener nyerap tenaga kerjatapi pengusaha lebih untungbahkan untungnya tidak masuk akalbiaya sewa tempat dapur sppg per hari juta senin sd sabtu bayangkan kalau bulan hari tinggal mengalikan aja juta hari jutagila benerbelum suppler bhn makanansemuanya dikuasai mitra nyamanfaat masyarakat kecilyg gede pengusaha,neutral
mbg penghancur usaha pedagang kecil,neutral
nambah untung tidak perlu bayarin karyawan pk cuan cuan,neutral
jangan sebut pegawai mbg relawan bayar layak segera masuk pppk,neutral
media amerika,neutral
namanya program stidak solusi menambah lapangan kerja indonesia awal program hingga setahun berjalan plus minus tapi jelas pertumbuhan perubahan tidak sempurna sesuai expektai inginkan,neutral
diuntungkan pejabat saudara pejabat punya dapur,neutral
kata netizen bahagia program mbg kroninya praboworakyat tetep sengkara,neutral
sepertinya hutang negara tambah banyak,neutral
bukan rahasia ordal bila mau ikut jadi pegawai proyek mbg,neutral
bener belanja barang kebutuhan makan sehari hari jadi lbih mahal,neutral
okelah misal benar berjalan normal mbg tersalurkan benar dimakan anakanak sekali cek kelapangan sekolah persen mbg cuma pindah tempat ompreng lunchbox,neutral
tidak untungyang menerima bilang makanan kurang enak dllyang kerja mbg bilang capek jadi mbg bilang rugi,neutral
alhamdulillah terimakasih adanya program mbg,neutral
pantes my pecel ayam fav gue naik serebu anjink,neutral
anak punya keterbatasan memakan alergi susah menelan konsi mulut tenggorok dipikirin ahli gizi boros anggaran boros pikiran boros tenaga buang mbg sampah jangan perutmu racun kapitalis membunuh kemandirianmu,neutral
mbg tidak protes marah,negative
carut marut,neutral
daerah makin susah krnh program mbg peras uang daerahhuh parah,negative
untungk pejabat mbg malah bawa petaka guru jadi korban malah menciptakan korupsi,negative
stop mbg lebih baik uang disalurkan kpd org tua siswa,positive
anak sekolah untung,neutral
untung oligarki koruptor fan partai,neutral
danging sapi adh daging ditakuti program mbg sudh hampir bln mbg beroprasi tapi ank pernah makan daging sapi,neutral
sesungguhnya tidak menciptakan pekerjaan memindahkan untungkn capitalis,neutral
mbg berati program koloni hancur negra iniingat smua pajak,neutral
bubarkan mbggk tepat sasaran,neutral
tidak merata rugi malah umkm buang anggaran tidak jelas knapa tidak alokasi aja jadi pendidikan gratis banyak orang tua ngluh biaya sekolah,neutral
program rokok gratis buat masyarakat perokok buat pilpres yakin menang trus dianggarkan,neutral
balas budi politik berbentuk mbg,neutral
betull,neutral
petani tidak merasakan tidak merasakan peningkatan adanya mbg sayur murah bucis murah,neutral
untung anak misanponakan ipar ampi,neutral
susu uht full cream kemasan ml susah carinya,neutral
usaha mikro terdampak belanjanya cari termurah,neutral
untung rrugi aku berpendapat mbg kecil manfaat gizi kaya menebar garam dilautanapakah thn cerdas mbg yamg dimakan banyak buang anak tidak sukaboncis,neutral
untungkan mafia oligarki,neutral
jatah mbg anak per hari sekolah thn sd sma hari dikurangi hari libur itung sendiri duit segitu buat subsidi kuliah gratis,neutral
keracunan ribuan siswa hampir mati keluar biaya sendiri berobat tidak pihak dapur mbg bertanggung jawab dipidana luarbiasa,neutral
saran pihak mbg jangan beli tengkulakapa susahnya berangkat pasar booking pembelian kerjasama pihak mbg pihak pedagang pasar mbg besar anggaran apasalahnya berbagi rezeqi,neutral
bubarkan mbg,neutral
icw bener karna realita dilapangan memang menang tender mbg mayoritas lingkaran pejabat anggota dewan sangat miris,neutral
rekanan mbg supplier besar bos sppg,neutral
intinya mbg mengganggu,neutral
ekonomi rakyat kecil makin berat bahkan mati daur mbg pengambil kebijakan makin kaya pak prabowo tertawa rakyat ekonomi bawah pasar tradisional makin menderita,neutral
untung pengurus mbg ladang korup,neutral
untungkan petugas mbg,neutral
tidak papa memang nyampe barang kalau kekurangan wajar ganti program laen sama sama korupsi tapi dapet angin aja,negative
pikirkan sendiri ad mbg untungmu ap rugimu apa,neutral
syukurin aja alhamdulillah,neutral
tabe diuntungkan mbg seluruh rakyat indonesia,neutral
koruptor tertawa,neutral
sebaiknya program mbg figanti dg program lebih mensejahterakan rakyat,positive
bubarkan dulu keluargamu bang,neutral
untungkan oligarki pejabat culas mbg program pemerintah paling gagal tidak manfaatnya buat rakyat bubarkan mbg bikin bangkrut angaran negara kalau mbg ngk bubarkan jangan pilih prabowo,negative
kebijakan bikin kacau,neutral
prabowo mengulangi cara mertuanya mengelola proyek menggunakan keluarga kroni kroninya pengelola memonopoli pasar,neutral
semenjak pegawai sppg diangkat jadi pppk banyak guru honorer akhirnya resign memilih bekerja sekolah banyak kekurangan guru terpaksa mengurangi jam belajar siswa mengakibatkan produktivitas pendidikan menurun,neutral
kroninya omon,neutral
jujur aku staf kantor salah satu pesantren modern jawa timur bayaran sekolah mahal sangat juta uang masuk juta pertiga bulan makanan dikasih sangat bergizi juz buah sayur roti daging tapi sekolah ttp dpt mbg aneh tidak pesantren jakarta sama soalnya cukup gizi ala anak santri tapi malah dpt mbg bukannya mbg buat anak anak kelaparan gizinya tidak terpenuhi kn mencegah stunting kn gizinya sebenernya terpenuhi tapi ttp dpt mbg,neutral
tanpa mbg rakyat indonesia makan mbg program coorporation independen jaringan berbasis politik aparatur negara kalau tidak percaya buktikan didaerah masing bener,neutral
untung kluarga dpr sama pejabat,neutral
sejahtera pekerja mbg kalah saing gaji guru sarjana complang makanya perlu pemimpin bijak pintar bukan asal comot,neutral
sungguh miris pemimpin lebih mementingkan gaji pengurus mbg mensejahterakan guruaneh aneh koplak,neutral
benar sekali diuntungkan orang elit masuk jadi pekerja dapur mbg relawan pemilu ketidak adilan,neutral
malah bny makanan mubazir hari sekolah masak ribuan porsi hari rasa keamanan pangan minim namun punya proyek tetap untung walaupun makanannya tidak dimakan rumah makan laku hari ribuan porsi,neutral
mbg lieur,neutral
pelajaran siambil mbg mencaplok dana pendidikan bikinlah program mbg alasan meningkatkan gizi anak dana mbg triliun disalurkan jadi makanan anak sekolah pegawai mbg sisanya dikorupsi pemilik dapur mbg mayoritas keluarga pejabataparat polisi tentara anggota dpr kepala daerah pejabat pemda pemprov pemkot pegawai mbg jelas mendukung program mbg dijadikan asn padahal jadi bungkus proyek korup berjalan terus pegawai mbg baru berapa lama jadi karyawan mbg beberapa bulan guru honorer bertahuntahun digaji ribu perbulan dibayar bulan berkata siapa suruh jadi guru honorer berarti empati kepedulian hilang bangsa rela menyakiti hati guru honorer nakes menyokong program sarat korupsi,negative
mbg tidak efektip makanan banyak mubajir kaya kalau mbg terus berjalan tapi mungkin tidak berjalan priode,neutral
tidak usah aneh mbg bisnis gaib,neutral
baru setaun pegawainya angkat jdi pppk asn dosen guru hrs melalui byk tes jdi asn pegawai mbg bgtu mudahnya jdi asn pppk,neutral
bengek aj,neutral
mbg adlh prgram proyek thankyou prabowo buat relawan geng pemilu curang th lalu kebijakan curang menghasilkan kesialan bencana petaka,neutral
ekonomi hancutrrr,neutral
betul sihdulu pernah sistemnya kdmppas jaman suhartonamu gagal tidak berlanjut,negative
pas awal pendaftaran sppi hina ngapain ikutan kaya gitu programnya gajelas masadepan tidak jelas lebih baik jadi guru honorer sekarang malah iri,positive
bqndsaya tidak iri sama sarjana direkrut sppi layak sy sarjana tidak rela relawan mbg mau dijadiin pk inii apakabar honorer sekolah puskesmas pelosok bertahun ngabdi,neutral
mbg aslinya lapangan program korupsi berjamaah doang lebih baik ditutup ganti program lebih menyentuh semua lapisan masyarakat luas,neutral
tidak usah banyak kementar mbgsekarang penguasa memikirkan kepentingan sendirinyatanya pengelela mbg penjahat,neutral
mbg blum cocok dterapkan neggar kitakrn bkan nggra kaya,neutral
belum nyampe tempat mbg buuu biarkan kenyang dulu mungkin baru masuk tmpt sy,neutral
setahun mbg berjalan sekolah depan mbg tapi sekolah tempat tidak pendataan sekolah data petugas bapinsa sekarang belum pernah dikonfirmasi petugas bapinsa disuruh sabar menunggu kapan,neutral
lebih baik siswa dikasih kartu buat beli makanan kantin sekolah kartunya cuma buat beli makanan kantin sekolah siapa aja jualan tidak enak tidak laku tidak higienis jangan dikasih ijin jualan kan jadi masyarakat berkompetisi menyajikan makanan terbaik menarik siswa beli ekonomi berputar siswa belajar tenang perut kenyang,positive
warta bbc sekian komentar simpulkan sial benar jadi warga negara negeri,neutral
setuju rata pemegang suplai mbg org partai,positive
dah ketebakplanning pilpres diiket dg status asn biar suaranya tidak lari,neutral
orang tua murid lebih baik uangkan miris lihat menu mbg kadang tidak sesuai,positive
kebijakan sgt tidak tepat harusnya diberhentikan,neutral
belanja pasar jadi lebih mahal malah mau cari susu kotak merk ultra mm putih sering tidak diborong duluan mbg jadi labih banyak pengangguran penjual kecil gilung tikar tidak laku jualannya untung jelas untung dirugikan banyak program gitu diprioritaskan terus,neutral
fakta dilapangan merugikan pedagang kecil sekolah pejabat gk mungkin memikirkan,neutral
hrusnya mbg kyak sedekah inimah mbg rasa bisnis untung rugi emg bener indo kebanyakan orang pinter gapernah kenyang kekurangan orang jujur sekalinya muncul langsung tenggelam moga aja pak prabowo melek kesampingkan pertemanan prioritasin kemanusiaan,neutral
prabowo ngeyelnya persis soekarno kalau terjadi kejatuhan jngan salahkan rakyat,neutral
sebaiknya mbgdi stop menghabiskan uang negara diuntungkan pemilik modal terutama politisi pejabat,positive
diuntungkan pemilik modal dampak ekonomi tidak berpengaruh tidak sesuai dgnanggaran dihabiskan sarang korupsi ekonomi tidak maju,negative
mbg program tanpa study kelayakan akibatnya berdampak kurang baik berbagai sektor program mbg kepentingan janji politik,positive
mbg longkeng satusenok makan kacang kedelai telur rebus satu kacang rebus,neutral
yank untung orang china tender pembuatan omprengan,neutral
positifmeciptakakan lowongan pekerjaan investor luar negeriini baru ekonomi suksesmbg lebih baik tepat debrikan uang ortu siswa,positive
untung orang punya modal besar dekat kekuasaan masyarakat kecil semakin terpinggirkan fakta,neutral
paling untung pendukung pak pejabat,neutral
betul mbatolong mba bantu mbg tutup aja,positive
saran buat bbc bahas mengenai limbah sampah mbg tidak kemakan sekolah dong,neutral
coba dipikirkan tahun program manfaatnya apa lho,neutral
guru kan sipilnya pemerintahorang tua murid ambil langsung uang kess sekolah uangkan laaa,neutral
tidak efektif makin miskin parah ekonomi rakyat,negative
mbg cuman menguntungkan elit punya duitmereka lomba tender mbg,neutral
biasane dekat anggota dpr pejabat berkuasa mendapat proyek mbg wkwkwk anjaaaiiuu,neutral
tapi kalau koneksi swasta gitu jadi budaya,neutral
semua warteg jam mbg ajakan bukan anak doang mau makanoratua emang tidak makan yawkwkwk,neutral
jogetin aja trus,neutral
diuntungkan proyek mkn bergizi kroni prabowo,neutral
ladang korupsi pejabata,negative
untung pejabat punya konektor dg mbg sppt kantin sekolah sepi kasihan dg keluarganya,neutral
untung pegang prpyek mbg,neutral
untungkan pengelola uang tiap tempat daerah sejecamatan sj menegang sd pegang berapa pengelola pegawai mbg bagian msh orang jt dapur pegawai jg berapa belum lainnya jadi habis sm oengelolanya sedagkan kadih anak tidak seberapa busuk murah bukannya sehat anak seoah mlh banyak penyakit,neutral
ekonomi maju punya dapur mbgbosnya baru aja beli mtr skrng pajero sbgai pedagang kecil cuma ngelus dada melihat perekonomian sekarang kaya tidak mikirin rakyat menengah kebawah,neutral
pastinya bakal banyak,neutral
untungkan orang tertentu bukan masyarakat luas,neutral
mubazir semuanya,neutral
bapak ibu guru smpn program mubazir,neutral
susu ultra mimi diborong pengepul mungkin mbg terpaksa beli pengepulkarena toko borongsemua titik lemah adalawan orang oportunisharusnya dibenahi soal tenaga kerja bahan baku nyasaya rasa sama benahi terus aturan nyabertahap diperbaiki,positive
up,neutral
bukan rahasia lg memang kontrak politik,neutral
susahnya pejabat duduk meja gaji tidak tahu terjadi lapangan,neutral
maju ekonomi orang dekat kekuasaan,neutral
petugas mbg karyawan kroni kroni,neutral
ekonomi pejabat antekanteknya naik sejahtera,neutral
untung belanja kepasar,neutral
keracunan urusan bpom tidak periksayg penting rakyat bekerjauang negara banyak mengendapdan bunga pinjaman masyarakat tinggi peredaran uang dimasyarakat jadi positifpetani bersinergiumkm positif,neutral
untungkan keluarga dewan kolega mbg senjata andalan pak wowo meredam anggota dewan biar tidak ngerecokin pemerintah udh jelas mau kolep lihat sekarang thn semua mines pret prot ky bekok,neutral
merugikan kantin sekolah jadi merosot persendiganti uang,neutral
mbg proritas tanpa pertimbangan prioritas media on line kredible merilis investai membuka tenaga kerja jt tenaga kerja artinya beberapa bulan biaya mbg menghapus semua pengguran manfaatnya lebih panjang dg menularkan efek positip sejateraan keluarga termasuk falir miskin dlm jangka panjang jadi mbg dirancang memberantas stunting memperkaya orang terlibat mbgpolitik anggaran absrud,neutral
pejabat mengelola pejabatdpr hrsnya jatahnya sama mbg,neutral
mbg program bagus mbg hak anak mendapat perhatian negara jg diganggu om,positive
untungkan pihak pengelola lapangan,neutral
untung dpt proyek,neutral
memang betul kalau tidak punya koneksi pengelola mbg tidsk bekerja atai menyuplsi kebutuan mbg mendapatkan manpaatnya tetap orang berduwit,neutral
menu mpg lebih baik ganti rotibuah susu telur rebus dri pda nasi ikan buah bnyk buang gk mkan kan mubasir,positive
program terbodoh sepanjang masa,neutral
kroni kroni,neutral
untung jelas pemilik sppg lebih baik cash kasih orang tua,positive
mm betul,neutral
kira namanya program plus minusnya tinggal bgmn menyikapi programitu jg komen dr program tergantung siapa komen mrk melihat dr sudut pandang apa jadi kira tidak perlu terlalu berpikir negatif tyg programmbg semua smbilhikmahmya bantu programpemetintah apapun prohramnya cinta indonesia kan sucses sll buat madyarakat indonesia,positive
mbg kantin sekolaan bangkrut untung punya dapur mbg coba lihat sebenar,neutral
mbg perdagangan makin sulit makin kaya tuh dapet orderan mbgbener merusak usaha kecil,neutral
untungkan punya dapur jadi ribu,neutral
baiknya hapus aja program mbguangnya biaya pendidikan gratis bangun sekolah seluruh nusantara lebih bermanfaat memutus adanya korupsi,neutral
berkali kali berganti presiden tidak mampu mensejahterakan guru honorer hitungan bulan prbowo menjabat mampu mensejahterakan supir petugas cuci piring sppg mantap prabowo,positive
namanya berusaha mempertimbangkan keuntungan kerugian kalau mbg berdampak merugikan warga masyarakat luas berarti secepatnya dihentikan,neutral
mbg lewat dapur sekolah asalkan tidak oknum,neutral
semua ny butuh proses tindak mbg bermasalah,neutral
menuju sdm berkualitas mbak kerna masyarakat sekarang lebih mementingkan kebutuhanpenampilan kebutuhan pokok,neutral
untungnegarabertambah hutang ny,neutral
gara mbg rasakan harga sembako naik semua spt telur beras jadi supplayer punya modal besar,neutral
katanya basmi korupsi nyatanya mbg banyak maling semua jalur kena maling semua program manpaat buat maling,negative
ekonomi tambah miskin banyak pengangguran semua harha pangen lebih mahal,neutral
pertumbuhan ekonomi mbg mana penyerapan tenaga kerja mbg membuat pengangguran usaha kantin sekolah pedagang sayur pasar,neutral
point program pemerintah apapun bentuk mulai dr pajakmbg rakyat tetap jadi objek penderita program pencitraan pemimpin penting anggaran habis terserap rakyat tetap bawah garis kemiskinan kesenjangan sosial semakin terasa ekonomi menengah mulai terpuruk akibat sistem ekonomi oligarkhi kaum koruptor pemimpin negara,neutral
betul mbk kau paparkan,neutral
untungkan perampok uang negara dr pajak rakyat lebih baik hentikan baru pro rakyat,positive
mbg menciptakan lapangan kerja banyak tapi memakan jatah kantin pedagang sembakopedagang sekolah,neutral
harga ayam mahal,neutral
salut bbc tetap kritis,neutral
dapur umum dikecamatan jln desa jarak km jln rusak parahga jembatan dekerbahkan jln desa perbaiki sama warga desa,neutral
paling diuntung kan jelas kroni kroni presiden kepentingan kekuasaan berikutnya,neutral
pejabat berkuasa atur mbg,neutral
pengelola pemilik,neutral
mbg program tidak tidak mutu jangan paksa orang makan yaang tidak disukai dalih rasa syukur klw tidak mau bagaimana menguntungkan pejabat investor cuma program buka usaha menguntungkan segelintir orang,neutral
bohong mbg tk paud hampir rata dimakan kaka ibu tidak sesuai jenis makanan dg usia menguntungkan pengusaha dapur mbg tidak perlu masa jabatan berahir mayoritan pengusaha kecil menjadi sulit,negative
sama dikampung begituyang pilih kebanyakan orang desa desa cumn pilih beberapa orang,neutral
setahun disini belum merata belum,neutral
hayoo terjebak makan siang gratis,neutral
katanya beras membludak lebih baik kasih tiap kk perbulan kg beras masalah lauk biar difikir sendiri,positive
jelas mbg cuma membuka lahan korupsi baru inilah resikonya punya presiden tegas tapi kurang cerdas,negative
untung memenangkan tender bukan anak anak beri mbg,neutral
untung pengelolah dapur mbg,neutral
program mbg makan belum bergizi apbn ribuorang dilapangan ribu,neutral
untungkan orang kaya kandang korupsi,negative
percaya sajalah kejeniusan pemimpin ide sangat jenius gitu lho,neutral
namanya bukan membuka lapangan kerja pesta duit rakyat penguasa gizinya alah lebih bergizi higienis masakan rumah sendiri,neutral
semoga program cepat tiada amiiin,neutral
setahun apanya disini bru kemarin dapet tau diangkat pppk,neutral
selama koruptor tidak dihukum mati tetep jadi masalah membuka peluang meraup keuntungan sebesar besarnya mengganggu pasar setempat mana keadilannya lebih bagus dapur sekolah dibuka dipilih sekolah rata kurang mampu muridnya,positive
peradaban zaman disebut sejarah planet saking canggihnya dunia teknologiitulah diuntungkan lalu apa agama kalian mendapatakan sorga sorga neraka dunia mati milik pembahruan keindahan planet ku,neutral
mmending mbg setop aja biar tidak jadi cuan korup,neutral
program terkonyolsdm rendah alias monoton,neutral
kroninya situa siplongo dpt untung,neutral
untung punya dapurdari buat diaijocoklatpelangiteam sukses cheerleader penikmat proyek inibuat rakyat cuma hasilnya berbentuk kotoranboro gizi baik nafsu rakus nongol siasat bagaimana lebih dr lainproyek begini masa purbaya tidak tahu kalau cuma jadi dana rakyat tidak buat masyarakatayo purbaya berani sentil prabowo dongberani berbeda atasan apapun resikonya baru beneran berani tegakkkan kebenaran,positive
pemilik yayasan jelas paling untung,neutral
program menghabis duit,neutral
usut banyak pemotongan uang mbg orang orang minta jatah makanan disajikan harga murah melarang memposting makanan anak dikeluarkan sekolah memposting makanan dana dikeluarkan mbg besar sekali lebih baik anak yatimpiatu pakir miskin bulannya sejuta lima ratus tidak lansia mencari sesuap nasi facebook banyak sekali kekurangan tidak terjamin diperhatikan bansos mencukupi kebutuhan bulan,positive
jelas sangat bermamfaat anak indonesia,neutral
koperasi digadang menjadi konsolidator minim realisasi sdm kurang meritokrasi belum merata koperasi lama belum tergarap baik koperrasi lama tidak ditemukan percakapan kmp maunya diseleksi menjadi kategori koperrasi butuh disupport jangan semuanya jatah kue,positive
lebih baik berikan uang tunai biar ibu masak tau selera anak menyelamatkan usaha kecil disekitarnya drpd buat bancaan politikus,positive
aling angsat arong benarnya,neutral
ekonomi tumbuh apaan indonesia aja masuk no termiskin word bank,neutral
untungkan genk penguasa sekolah belum kebagian sekalipun,neutral
supply chain rusak,neutral
susah sangat cari susu uht full cream katanya diborong buat mbg,neutral
tapi sayangnya bekerja sama perusahaan cina menjadi rekanan proyek mbg sangat menyedihkan,neutral
harga telur meningkat sejak mbg,neutral
kampanye janjinya melibatkan umkm semua tinggal omon,neutral
fix kedepan pribadi gk mau milih gerinda kroni partainya cukup paham omon omon,neutral
orang dusun orang pinggiran mayoritas penduduk ri sangat senang anak makan sekolahkalian cnn jangan brisik kayak kompor pergilah indonesia km media siapa nyinyir aja sama pemerintahgiliran bagusnya mulutmu diam,positive
kalian nyinyir goblok otak dangkal program jangka panjang masa depan anak ri kurang perbaiki cnn asal bacot aja,positive
stop mbg buang uang negara,neutral
diuntungkanpengeluaran diperbesar pemasukan smakin kecildicampur dng benalu numpang dibatang,neutral
tau ahh gelap,neutral
luhut panjaitan,neutral
pkh bnpt blt sebagainya harusnya masalah makan selesai tahapan bansos jangan indonesia salah membangun fundamental generasi muda kesejahteraan kesehatan keuangan negara jangan hutang negara menumpuk jadi beban pajak makin tinggi alhasil kesejahteraan semakin jauh harusnya dibangun mental kecerdasan harusnya generasi indonesia disiapkan generasi mandiri teknologi perdagangan tenaga muda mumpuni berbagai bidang,neutral
gibran family,neutral
siapa mau berbisnis tidak untung,neutral
program mbg merupakan progammenambah kejahatanyg luar biasa,neutral
program korup,neutral
untung kan pegang uang belul tadi anak sy buah busuk dr mbg,neutral
sak aken yo pedagang keliling dpn sekolah sepi,neutral
mbgmakan busuk gratis makan basi gratisitu nyatawkwkwk,neutral
untung begundal begundal makanan murah jual mahal langsung umroh makmur,neutral
sebaiknya ganti uang saku buat siswa biar orang tua merasakan pemanfaatan perekonomian sekolah setabil pedagang kecil jualannya laku,positive
hentikan pak wowo menguntungkan mbg masa gurunya mengamdi puluhan tahun gaji jauh bawah mbg waaupun pk paruh waktu pegawe mbg pk penuh waktu,neutral
liat pedagang turun derastistermasuk kantin sekolah dapak mbgyg gk enak,neutral
baru setahun mna mungkin hasil,neutral
gampang ngitungnya sehari anggaran mbg triliun kalau dapur mbg ambil margin aja berarti pemilik dapur mbg sehari tambahan kekayaan milyar sehari,neutral
mbg sangat bagussss bagus korupsi suka mbg,neutral
yaa diuntungkan orang orang kalangan partai anggota dprd pengelolanyastop mbgberikan hak anakanak didik uangnya orangtuanya,neutral
mbg diubah jadi kuliah gratis alokasi anggaran mbg th jumlah lulusan sma sederajat hampir jt anak anggaran mbg dijadikan biaya kuliah anak per anak mendapatkan rp juta per tahun yakin buat lulusan sma sederajat tidak mau kuliah dg beasiswa juta pertahun memang realisasi mbg tahun br mencapai nah skrg anggaran mbg triliun proyeksi jumlah anak lulus sma sederajat juta anak anggaran mbg dialokasikan kuliah bersubsidi per anak mendapat rp juta rupiah per anak per tahun pilih mbg kuliah gratis,neutral
merusak kestabilan pasar kecil,neutral
bubarkn mgb,neutral
untung petinggi tni polripara ketua partai kroni nyapedagang kecil rakyat kecil susah mensuplay bahan makanan maupun kerja,neutral
tidak orang sukses makan gratis,positive
program mbg boros anggaran menghancurkan indonesia,neutral
kejelasan status relawan dipertanyakan selalu digarda terdepan tidak mendapatkan keadilan,neutral
kalau mbg semua hentikan banyak pengangguran baru artinya pemerintah memberikan pekerjaan tidak tetap solusi bukan jangak panjang makanan diberikan siswa makanan sedikit cara meningkatkan cara berfikir kecerdasan,neutral
pengalaman adanya mbg dagang jadi sepisaya jualan sekolahpenghasilan anjlok parah bagaimana nasib kedepannya tidak tahu,negative
mbg dikuasai orang berduit iya ditempat punya mbg pelaku catering restoran pemikik hotel tapi kalangan menengah bawah program bikin anak makanan lebih baik mampu beri minimal susu protein soal kasus keracunan tempat tidak pernah paling mentok sebagian makanannya disimpan sampe malem malah basi kalau salah sendiri,positive
program kurang tepat,neutral
koruptor untungkan baik partai pemerintah tni polrikejaksaan dpr,positive
untungkan pengurus mbg terutama ketua mbg banyak untungnya berikan semua hampir tidak kayah makan orang apa anaktapi anehnya pak prabowo diam tidak pengawasan tindakan tegasbanyak makananvyg tidak layak makan cari murah tapi busuk semua,neutral
mbg harusnya sekolah dapur biar terjaga kualitas kebersihan makanannya biar gk keracunan,neutral
pengelola untungkan hentikan mbg,neutral
banyak untungkan mengurangi penganguran,neutral
harusnya mbg langsung dapur sekolah kalau sekolah laksanakan mudah diawasi dah kalau terjadi korupsi mudah dideteksi alhamdulillah tidak pilih presiden pikirannya dangkal,negative
pedagang sayur kecil terdampak buruk dg program hargasayur naik sepi pembeli,negative
untung org dlm pemenang proyek masakan tidak enak menunya anak tidak mau mkn ks kucing jg tidak mau mkn mknan mbg anak plg mkn buahnya smg pemerintah pkr program sebaiknya uang ks org tua anak msg,positive
katanya suplai bahan baku dapur mbg kopdes merah putih jadi mitra dapur pasok kebutuhan ternyata pasokan kebutuhan dapur disuplai sendirii sppg kepala dapur owner dapur sendiriitu prakteknya bohong besar dikatakan pasokan pakai pola kemitraanparah,negative
indonesia punya pemimpin telmi,neutral
negara bangkrut,neutral
progam tidak bermutu habisin anggaran negara padahal kalau buat jalan aspal seluruh indonesia bagus,positive
ibu nani dong untungkan,neutral
mbg bikin sepi banyak pedagang kecil mati kutu hentikan mbg masarakat makan gizi anak skrang ngak krng gizi tapi ngak doyan gizi,neutral
diuntungkan ternaknya prabowo,neutral
uangkan,neutral
diuntungkan pelaksananyamakanya bln puasa ngotot tetap dilaksanakan mbg,neutral
kalu bgn bilang mbg meningkatkan ekonomi bener punya dapur tenaga kerja tapi berapa banyak lanten penjual jajanan sekolah tutup bubar,neutral
pelajar pedesaan tidak mendapatkan mbgkarena jalan akses menuju sekolah babyak rusak,neutral
level umkm terdampak akibat kenaikan harga bahan baku spt telur distributortengkulak besar orderan sppg besarnya anggaran mbg perlu dihitung seberapa besar produktivitas ekonominya belum banyak anak sebenarnya orang tuanya mampu tidak perlu support mbg kebutuhan gizi anaknya,neutral
mbg tidak ditempat anak sekolah sd gunung tua mandailing natal sumatra utara januari,neutral
vendor bawaan pejabat pejabatnya,neutral
orang kuruptor kalau makan mbg bergizi logikanya tidak anak sekarang ikan telor biasa alokasikan dlm bentuk uang,neutral
untung koroptor,neutral
anggota partai paling diuntungkan mbg proyek partai,neutral
jangan lupakan petani petani merasakan semenjak mbg harga stabil bahkan mahal jadi jangan lihat satu sisi aja,neutral
kembangkan mbg apapun alasannya mbg sangat membantu kehidupan seharihari,positive
untungkan vendor penyedia dapur pejabat terlibat mbg daerahku punya dapur mbg anggota dprd semua,neutral
liput wilayah jakarta pusat mbagaji relawan rb kerja jam malam pulang jam pagilembur tidak dibayarkanpekerja mayoritas tidak warga,neutral
bahas dampak efisiensi alias pengalihan anggaran membiayai mbg miris oiiii,neutral
hitungan sederhana mbg ribu sebulan hari sekolah bulan juta siswa triyun tahun direncanakan anggaran negara mbg triyun kesimpulan wowo wiwi punya tim suksesnya merampok uang negara triyun,positive
gmn mengelola klas atasya kerja jg kerabat smua bener klau merusak pasar,neutral
jual bakmi ayam sekolah menengah atas bogor tadinya minimal laku porsi mbg laku porsi aja bagus,positive
makan gratis sya pikir uang probafi pak prabowo,neutral
kata biyar ekonomi naik eh malah bikin susah rakyat,neutral
andalan gibran kali kalau prabowo gk ikut kalah pemilu kemaren,neutral
mbg penghancur ekonomi,neutral
warung snack terpengaruh omset turun kantin sekolah mengurangi belanjanya,neutral
karna mbg ekonomi umkm anjlok drastismbg menikmati kroni partai dn orng berduit,neutral
pola pikir bodoh masak pasar kosong borong mbg hasil panen petani pekebun melimpah ruah bahan kebutuhan pokok unat manusia indonesia sekarang pembelinya kurang ngerti kamu stok barang kebutuhan hidup melimpah jangan putar balikkan pakta lapangan,neutral
siapa untungkan mbg jawab diuntungkan anak anak makan bergizi gratis kesehatan anak anak mbg cerdas generasi penerus bangsa wajisehat terus pegawai mbg lapangan kerja,neutral
jelas untung anak rakyat kaum pas an tidak pernah sarapan rumahdan anak kurang mampu mayoritas negri,neutral
diuntungkan kroni prabowo menguasai yayasan sppg,neutral
generasi wowo wiwi pemujanya gede,neutral
dah tutup aja mbg dana anggaran terlalu besar keluarkan rakyat minta berhenti tidak mau berhenti ngeyel lagikan tanda tanyaada unsur apa iniapa buat jln korupsi brhenti gk mau kihee ngeyel wis mandek grekpadang terang gk ngrasain keracunanpikir seribu pikir,negative
hati progam mbg paling bertahsn th,neutral
mbg sebenernya program bagus cuman kalau terapin indo jadi ladang korupsi wkwkw,neutral
tidak pinter pak tua,neutral
program mbg diuntungkan orang terlibat lingkungan mbg pejabat korup dirugikan pedagang kecil jumlah sangat banyakdan meskipun komplain bereaksi orang merasa diuntungkan program,neutral
negara sngat luas jdi gk merata masyarakat lebih baik stop anggaran alihkan,positive
paling menggembirakan en membahagiakan rezim yakonsolidasi politik,neutral
jelas diuntungkan job patnernya mbg susah rakyat,neutral
mbg bukan solusi bukan jawaban bukan cara mensejahterakan masyarakat walaupun diuntungkan dirasakan segelintir orang mbg bukan tidak masuk aspiratif keinginan masyarakatuntuk keluar persoalan benar pemerintah peduli kesejahteraan masyarakat laknakan tufoksi pejabat baik jujur tegakkan hukum benar fokus pendidikan kesehatan penyediaan bahan baku kebutuhan pokok murah mudah didapat,positive
mbg ide tukang catering untungkan pemilik dapur anak sekolah cuma obyek,neutral
untung pnya dapur,neutral
jls dpr sangat bruntung,neutral
setahun tapi tidak evaluasi mbg pak yusuf hamka makanan konsep bayar justru dibeli dati warung pedagang makanan butuh menghidupi keluarga sekolah anak bayar sewa ehh sekelas negara belanja tengkulak gimana ekonominya tumbuh,neutral
mbg diuntungkan pengurusnya tapi masalah paling besar dikesampingkan merusak kesehatan anak sekolah akibat keracunan,neutral
semua koloni prabowo,neutral
diuntungkan pertama anak anak jt orangapa tidak punya mata kedua golongan umkm dadakan jadi pengusahayang peternak,neutral
bowo klw mau periode uang kan mbg karna mbg ladang korupsidan harga sembako naikibu bapa udh mulai oleng cari tambahan uangkarna nyoblos org tua bukan murid,negative
kayaknya bentar lg bakal kolaps,neutral
kalau presiden sama mbg mustahil hentikan sprtinya mskipun berusaha menghentikan mbg niscaya org trsebut esok menghilang,neutral
mbg segera diberhentikan anak sekolah tanggung jawab orang tuanya keberhasilan meningkatkan gizi tidak sebanding kerugian negara karna ladang korupsi,negative
untung pejabat,neutral
masyarakat tau mbg untungkan,neutral
tidak yo lingkungane tidak kanggo sung kanggo mung ordal disukai penyelenggarane,neutral
seharus pemasok mbg beli pasar stok pasar stabil harga setabil,neutral
mah alhamdulillah adanya mbg anak tidak jajan sembarangan menabung tadinya nyengir kasih kasih sayuran buncis tahu sekarang malah minta masakin kayak mbg,neutral
untungkn pngelola tunjuk pmerintah mammfaat bgi siswa kurng malh meganggu proses pmbelajaran lbih baik sjhtrakan orng tuanya dulu mmbuat bnyak lpngn pekerjaan,positive
memang menciptakan phk semu,neutral
penting pendidikan gratis baik sekolah negeri swasta sampe tingkat pendidikan tinggi,positive
umkm keliling jualan bubur ayam dimsum sangat terdampak luar mbg,neutral
dhmbgganti duit ajaada dipelosok lum kena mbgbubarrrrrrrrkan,neutral
malah jadi mahal hrg pangan dipasar permintaan pasar mbg,neutral
sekarang guru mbg sentilan ana hari mbg katanya mensejahterakan guru honorer selama bulan sentilan baru aa kebijakan guru dpt mbg wahai pemerintah guru disejahterakan bukan dikasihani dikasih makan siang gratis bagaimana pemerintah memahami semoga allah membalas pemikiran mbg memikirkan keuntungan,neutral
program dungu,neutral
mantap mbak kajian kritis namun apapun berpikir positif terus mengkritisi mbak perbaikan bersih bersih rumah itukan dilakukan terus menerus,positive
barang barang kosong semua astaghfirullah,neutral
ternyata belanja tengkulak katanya memberdayakan umkm ternyata umkm tengkulak,neutral
halah titipan partai kan lo min min taik,neutral
sabar situasi nepal iran lambat laun terjadi indonesia,neutral
untung menghendel,neutral
untungkan punya usaha,neutral
pedagang kecil kantin sekolah sd sepi woyy,neutral
rakyat kecil menjerit krna harga mahal pekerjaan jualan sepi tidak ad pmasulan jadi nganggur jaya tmbh jaya sepi semakin nyungsep,neutral
hidup joko,neutral
untungkan pemilik dapur,neutral
untukan bos bos kecil buat pasar makin sepi,neutral
diuntungkan kroni kroni pengelola mbg sedang dirugikan bakul bakul kecil selitar sekolahan,neutral
diuntungkan banyak anak sekolah guru pegawai sppg pemilik sppg saudara terkena bencana alam aceh sumut sumbar langsung mbg tanpa buat banyak dapur umum tidak kebijakan sempurna perlu evaluasi terusmenerus perbaikan kedepan,positive
dana mbg dana blt apabila dibuat bltbln jt keluarga penerima manfaat sebesar jtbln keluarga indonesia menerima persamaan blt mbg sama program tidak produktif jalan sukses pemilu perbedaan blt membuat rakyat bahagia kalau mbg membuat elit partaiormas dlm baju yayasan bahagia pilih mana,positive
mbg membuat negara tekor mematikan banyak usaha kecil,neutral
hapuskan program,neutral
program mbg sorot jangan kota besar semua pihak mengawasi kota kecil pedesaan pelosok kira masuk standarisasi apa belum,neutral
kan pak wowo bilang indonesia hancur tahun merupakan perwujudan ambisi siapa dulu pilih wowo hayo like komentarq jelas aq dulu pilih pak mahfudz md,neutral
program menginjak saudara sendiri,neutral
elit politik saudara,neutral
yaandaakktauukok tanya,neutral
sekolah anakku smp belum dapatsmk baru hariapanya setahun,neutral
jangan pilih prabowo,neutral
demolahh,neutral
loepilih prabowo gakmau tanya,neutral
hmmmada positif negatif jugaseperti membangun jln toljln pantura bnyk resto warung pd tutupharus dikaji ulangkalau mbg lebih banyak merugikan pedagang kecilapalagi anggaran bertrilyuntrilyun uang rakyat dipakeemang uang pribadi pak wowopejabat,neutral
setahun berjalan mbg tidak pernah mampir sekolah anakku tidak berharap sihh cuma takutnya masuk data setoran,neutral
level kabubaten lingkaran kepala daerah bahkan minyak jelanta wajib dijual,neutral
diuntungkan koruptor beserta antek penjilats,neutral
sy pedagang kantin sekolah berdampak duluny jualan nasi jajanan sekarang cma jualan es itupun gurunya nglarang jajan es jualan sekolah skrng susah,neutral
megang anggota parte angry bird semua tumben parte tidak protes,neutral
untungkan punya dapur mbg,neutral
adanya mbg anak jadi makan siang sekolah tapi negatifnya bahan pangan jadi melonjak semua sayur aja naik kali lipat pengeluaran jdi nambah,neutral
rugikan guru mendapatkan pekerjaan tambahan tidak apaapa,neutral
dr sekian sisi positif anggarannya tetep dr rakyat jadi pertanyaan tujuan utamanya tercapai tidak gizi terpenuhi peningkatan prestasi evaluasi realkarena nilai anggarannya maha fantastis lho,neutral
presenter pandangan sangat lihai berprofesi mistress,neutral
dengerdenger pasar tradisional sepi kalau stok bahan mbg tidak ambil pasar berputar ekonomi kurang luas langsung ambil tengkulak besar berputar atas bawah jadi terdampak negatif si mendukung mbg tapi kalau pasar tradisional jadi sepi kasian,neutral
pejabat bebas korupsidibiarkan,negative
pertumbuhan ekonomi rakyat melemahpetani sengsarapupuk mahalll,neutral
diutungkan pemborong dapur mbgkader kader gerendraborong tempat masak mbg,neutral
diuntung keluarga bupati gubernur kroninya,neutral
stop mbg gara gara beli susu uht susah kosong bahan pokok naik,neutral
diuntungkan jls bekerja didlmnya,neutral
pengalaman seorang guru selama program mbg nambahin kerjaan membagikan menjadi subjek uji coba memastikan siswa mengkonsumsi merapikan menghitung tray mbg semua dilakukan tanpa upah tanpa jatah guru tenaga kependidikan mengganggu waktu belajar menit waktu belajar efektif terbuang adanya mbg mbg datangnya tidak menentu kalau dibagikan waktu istirahat siswa tidak punya waktu bermain pedagang disekitar menjadi korban,neutral
smg lks berhenti,neutral
remuk remuuuuk ekonominya sekarang amburadul nek koruptor ora pateni sing mimpin sapa wae ajur kumur remuk redam remuk bubuk dadi awu alloh paringi sabar kpn negarane maju nek pokrol ora dipateni iso kukut kabeh,neutral
sama bun,neutral
tapi menyatakan sama kebalikannya,neutral
es kamu jual murah menghambat belajarnya anak karna banyak gula perasa sintetik,neutral
waduh ibu sangat berani protes termul marah lapor bosnya,negative
mbg menghabiskan uang pajak rakyat perhari akn membuat hutang mkn besar sdgkan dana tsb lebih bermanfaat unt bea siswa perguruan tingi membuka pabrik unt lapangan kerja subsidi modal umkm nelayan petani,neutral
memang benar mbg lebih banyak merugikan warga tetangga tadinya rame dagang kantin sekolah sekarang jadi sepi mbg paling miris lihat menu mbg anak sekolah sekarang kebanyakan ultra process food upf produk upf kayak susu kemasan roti sekarang jadi langka garagara mbg selamat tinggal sehat halo penyakit,neutral
kacau,neutral
belum koprasi merah putih pedagang pelaku umkm khususnya pedesaan semakin tertindas,neutral
keluarga pejabat buzzer untung,neutral
tetep bangak nganggur umur batas karyawan mbg jangan tutup uangkan aja mening beri lapangan kerja nyata paling mbg cuma orang batasnya rumit daptar karyaan mbg,neutral
program mbg merusak harga pasar tradisional pasokan sedikit jadi terpaksa pedagang menaikan harga sayur ayam telur,neutral
sebaiknya langsung diberikan orangtua anak sekolahitu langsung tahu orangtua makanan diperlukan anaknya,positive
pemerintah tidak pekak bagaimana jualan sekolah sekolah melumpuhkan pedagang sekolah,neutral
pemerintah bebal percuma ngeluh mendukung program aja suka gimana tidak suka bikin anak doang bisanya soal makan pemerintah nanggung,neutral
untung istri pak prabowo punya bisnis impor bahan pangan,neutral
polisi,neutral
bingung bangsa mentalnya pesimis melulu mau sempurna surga bos,neutral
mbg program kue team sukses prabowo indonesia tidak maju program unggulannya memproduksi tinja,positive
beng beng paling kerasa dulu panjang tebel makin lama makin kerempeng isinya harga mahal,neutral
msh banyak siswa belum hingga kini bahkan perangkat desa malah dapet,neutral
pedagang jajanan keliling dikampung sepi dipasar tumpah jg sepi mangkal depan sekolah,neutral
inshaallah hari senin besok desember mbg dibagikan madrasah terletak paling tinggi kota malang yppi jabal nur,neutral
untungkan pejabat koplak koruptor,neutral
demo besar besaran program bukan luar tapi pegawainya sendiri demo besar besaran program habis anggaran habis jelas dirumahkan demopun bakal terjadi diseluruh provinsi meminta hak meminta inilah skema mirip honorer lalu bakal lebih brutal anggaran habis tidak rencana menyangkut pendapatan syukur honorer kemarin dialihkan paruh waktu pegawai mbg rasa bakal rumahkanphk besar besaran program prabowo lengser entah mbg berlanjut tidak kalaupun lanjut habis anggaran awal jabatan teriak efisiensi tau taunya program simpatisan biar periode kalik,neutral
bukan tidak peka tapi tidak peduli,neutral
betul sekali omset turun,neutral
simalakama,neutral
pastinya punya dapur mbg,neutral
umkm ancur pasar sepi harga sembako gara bgn jatah korupsi jamaah ganti presiden jha klu rakyat milih kebodohan luar biasa jngn bayar pajak,negative
bubarkan mbg alihkan uang,neutral
sangat membantu membuka lapangan kerja baru semoga lancar mbg,positive
petani sayur senang mbg semoga lancar mbg,neutral
tidak merugikan rakyat kecil lumayan bantuan gratis membuka lowongan kerja banyak,positive
banyak diuntungkan anak sekolah lapangan kerja baru banyak proyek mbg lanjut mbg,neutral
mbg iya jelas bahan makan diborong pasaran harga jadi mahal,neutral
bekerja mbg banyak ambil pengikut partai tertentu perekrutan pormalitas ujung kerja pejuang partai sangat sayangkan,neutral
aneh emang kalau masak dapur umum bencana alam disebut relawan orang kerja pakai embel embel relawan biar diupah murah miris oknum pejabat main bisnis sangat menjijikan kue hasil pilpres memang manis,neutral
mbg hanyalah menjadi sarana konsolidasi pileg pilpres politisi namun menggunakan uang pajak rakyat,neutral
diuntung anak bangsa indonesia umkm petani rakyat indonesia memiliki anak sekolah,neutral
diborong mbg harga dipasar pedagang kecil naik,neutral
seneng melihat anak makan bersama mbg negara memberi makan anak kan bagus namanya program mbg baru kawal baik jangan negatif pikiran,positive
bener sangat tempat sy mbg harga telur daging ayam naik ibu rt jadi muter otak mbg banyak tidak dimakn menunya kurang diminati membosankan akibatnya banyak sisa jadi pakan ternak,neutral
paling untungkan dri adanya proyek mbg vendor pemilik dapur mbg siapa lgikeuntungan dpt sampe puluhan juta perharikarna satu vendor megang puluhan dapur mbgdan vendor pilih jelas bukan orang sembaranganharus orang punya power politik pemerintahan tentunya,neutral
hidup jo kawe hidup mbah wowo apa kbr fupupepe diungkap kasusnya berani,neutral
betul kepentingan sebelah pihak jadi ladang korup terbaru,neutral
semua jg untungkan nyinyir nonton,neutral
hidup vegan,neutral
iya benerdgn dana ribu perhari sebenernya makan satu porsi nasi padang haridan menu sajikan ompreng mbg kayanya kurang dri ribu dehsolnya menunya biasa ajamalah jauh dri kata bergizimenu enaknya paling pas awalnya aja kalau lgi sidak ajapantesan vendornya dpt untung sampe puluhan juta perharimenu seadanya gaji relawan sesukanya jelas cuan gede sangat,neutral
proyek mbg cuma menambah kesejahteraan kekayaan vendornya jdi vendor mbg jelas bukan orang sembarangan orang punya power politik pemerintahanrezim jelas rezim kue kental kkn tidak jauh beda kemarinjdi mau ngarepin apa rezim sila pancasila lama mati sejak indo pimpin sama jokowi sekarang lanjutkan sama muridnya sejahtera cuma rakyat bansospara aparatpara pengusaha pejabat kkn,neutral
team sucses aj kenyangorang buta jg tau,neutral
bandarnya,neutral
ky gini mah termasuk hukum dagang trik dagang kalau orang biasa berdagang paham jdi perlu bahas,neutral
juta lapangan pekerjaan maksud mas gibran lewat program mbg,neutral
mbg wadah korupsi legalkan,negative
mau ikut mengeluh ttg mbg hampir hari makanan mbg disekolah anakku tidak kemakan sering bawa pulang sampe rumah dibuang rasanya asem berlendir rasanya tidak enak mngkn kirang bumbu bumbuinnya disekolah dilarang mengeluh diperingatkan kalau tidak kemakan dikumpulkan didepan dikasih tempat khusus mau dikasih magot diternak disekolah sayang sangat kan makanan kebuang uang dipakai belanja tidak manfaat anak jadi sebenarnya siapa diuntungkan disini tujuannya anak sekolah gizi baik tapi kenyataannya hentikan mbg alihkan aja tabungan siswa uang saku keluarga siswa bisrbisa dibelanjakan sendiri apalah lebih bermanfaat mubazir pakmubazirdosa lho negara mayoritas muslim masa tau kalau mubazir dosa maaf emosional,positive
wuihbubar mbglahan korupsi pekerja lw plgbawain bahan mbgsayueikandahlah dpt gajiuang belanjapun tk keluarkorupsi bahan makanan,negative
membuat program skala besar menggaji relawan mbg layak tapi gaji guru ditekan sedemikian rupa padahal sedikit dana dialihkan buat kesejahteraan guru guru jadi beli buku menambah ilmunya jadi sadarkan pendidikan mmg bukan mencerdaskan anak bangsa,neutral
sangat terbantu program mbg anak makan makanan bergizi buahan,positive
program sbenernya bagus serius cuma praktik lapangannya kotor banyak nepotisme anak penyelenggara negara kemarin ngelola dapur mbg kurang ajar emang,positive
apa yand diambil rakyat kembalikan rakyat its mbg program baik,positive
diuntungkan yayasan pengelola dapur mbg bulan keuntungan ratusan juta rupiah pedagang kantin sekolahan sepi bahkan gulung tikar harga kbutuhan pokok dn sayuran melambung tinggi rakyat kcil sangat mnderita tidak mampu membeli smentara mbg bnyak mubazir anak skolah banyak tidak doyan dn akhirnya dibuang dn mengotori lingkungan skolahan,neutral
inilah disebut berita benar berita turun langsung lapangan pedagang pasar sejak program mbg berjalan pasar tradisional terasa semakin sepi lesu bukan pasar terdampak pedagang sayur keliling ikut merasakan sama sebelumnya ibu rutin berbelanja memasak bekal anakanaknya sekarang kebiasaan perlahan hilang anakanak difasilitasi makanan program mbg akibatnya dapur rumah tangga ikut berhenti berbelanja roda ekonomi kecil melambat masalahnya dapur sppg tidak mengambil barang pasar tradisional langsung mengambil petani peternak tengkulak pasar terputus rantai distribusi utama bukan pasar tidak mampu menyediakan sengaja dilewati lebih mudah dipahami bayangkan sebuah pasar tradisional memiliki konsumen konsumen terdiri bapak ibu anak sekolah anakanak tersebut difasilitasi negara konsumsi rumah tangga otomatis berkurang jumlah konsumen pasar menyusut drastisdari menjadi inilah penyebab utama pasar menjadi sepi lesu padahal denyut ekonomi negara paling jujur terlihat pasar tradisional pasar sepi lesu pertanda ekonomi rakyat sedang tidak baikbaik angka statistik dirapikan kondisi pasar tidak dibohongi menjadi persoalan serius dampak tidak dikaji diteliti matang pemerintah sejak awal tidak analisis menyeluruh efek lanjutan pedagang kecil distribusi pasar stabilitas harga akibatnya kebijakan membantu justru menambah beban rakyat pasar sepi ekonomi makin sulit harga barang justru naik distribusi terganggu pasokan menjadi tidak seimbang bukan sekadar dampak sampingan konsekuensi kebijakan tidak berpijak realitas lapangan pemerintah melihat kondisi ekonomi sebenarnya cukup datang pasar tradisional sanalah rakyat berbicara tanpa statistik tanpa narasi pencitraanjujur apa adanya,positive
paham betul akalakalan pemilik sppg pesan tempe biji harga asli pedagang rupiah tapi pedagangnya dipesan begini nota tulis pak wadduuh satu biji tempe langsung naik pangkat tinggal dikalikan bij hasilnya rupiahdari tempe baru tempe belum telur belum beras belum sayur belum lauk lainnya kalau satu item kecil segitu dibayangkan seluruh belanja harian sehari berapa puluh juta menguap jadi keuntungan katanya program rakyat katanya gizi katanya masa depan tapi balik nota dimanipulasi justru perut paling kenyang bukan perut anakanakmelainkan perut pengelola lihai bermain angka,neutral
bahas upahnya dong kakump jakarta aja harikerja sama jammasuk malam tetap rbgak lemburan upah umrditambah masuk jadi relawan susah bgtorang orang bawaan semua,neutral
emang mbg dijlnkan semua perasaan sekolah anak sekarang belum pernah padahal sekolah negeri,neutral
kabarnya mbg menyasar kampung balita tidakbelum sekolah lansia kue mbg tambah besar porsi baginya,neutral
program dipaksakan,neutral
bahas korupsi mbg apa karna belum ketemu,negative
baru masuk jadi relawan sppg mbg daerah emang bener nuansa politisnya terasa sangat nepotisme terang teranganserta kebohongan mulai relawan mbg terpilih bekerja ikut membersihkan bekas proyek pembangunan dapur mbg gotong royong harian tanpa uang makan,negative
pak presiden terlalu naifingin mempraktekan budaya sekolah jepang konohadri luas wilayah jumlah penduduknya aja jelas tidak seimbangdan perbedaan paling menonjol sdm pejabatnyaklo pejabat jepang disiplin jujur berintegritassedang pejabat konoha males tukang tip pengen cepet kaya pakai cara instan alias kkn jauh sangat bedanya,neutral
daerah mana,neutral
setujuu mbg emang ngerusak pasarr lapangan kerja tumbuhh hancur istilahnya cuma ganti pemain aja dulu pasar bebas sekarang jadi orang seragam coklat ijo parpol ormas,positive
tidak nyentuh aku keluargaku,neutral
salam nkriprogram mbg harrus terus evaluasi intervensi bgn kebiasaan baru beradaptasi baik antar sektor kepentingan program mbg lahir kebijakan politik wajar banyak kritik terus berbenah semoga pelajar ibu hamil menyusui selaku penerima manfaat langsung terus terlayani lebih baik waktu waktuamin,positive
mbg makan beracun gratis uang hasil korupsi selama tahun tidak terdeteksi terstruktur sistematik masif malah dikembalikan rakyat bentuk mbg,negative
sy pedang merasakan dampak buruk dr adanya mbg harga beberapa barang menjadi sangat mahal susah beberapa sales dr distributor barang mengatakan stock barang borong mbgterutama susu uht roti jenis marie tidak ceritanya dapur belanja toko retail retail grosir besae macam indogrosirlotte grosir isinya mobil mbg semua katanya memberdayakan umkm pretttttttt,negative
mbg program dipaksakan blumtentu tepat sasaran anak orang kaya ikut menikmatibahkan anak tidak merasa bersyukur sebagian,neutral
stop mbghanya meng hambur kan apbn sampe mengifisiensikan anggaran tidak mendidik anak menggantungkan pemberian tidak kail berkreatif sendiri,neutral
program mbg tidak penting tidak berpengaruhhanya proyek aku baca yotube anak anggota dpr klu tidak salah hari meraup keuntungan jt keuntungan perporsi rb rupiah betul serakah tidak malu memanfaatkan cari untung,neutral
paling diuntungkan tentunya punya modal dn mendirikan dapur sppg mbg,neutral
grgr mbg air pdam perumahan malah mampet pagi hari,neutral
betul mbg ngak ngaruh ekonomi rakyat kecil apa sebenarnya,neutral
tidak adil semua murid menerima tak pandang bulu baik wali murid kaya miskin,positive
korupsi indonesia mungkin baru dihentikan tahun kalau mau korupsi janganlah dilakukan makanan zaman sulit orang terkena phk jualan makanan usaha kecilan menyambung hidup teman terkena phk mengeluh open po makanan siap saji sulit menentukan harga jual semua bahan baku naik telur naik sayuran naik ayam naik bertanya pedagang pasar naik semua pedagang mengatakan penjual level pasar induk lebih suka menjual pelaksana mbg sisanya baru dijual masyarakat sisa berarti sedikit sedikit harga naik permintaan masyarakat bahan makanan tetap sama semua orang butuh makan stok sayur pasar induk sedikit sesuai hukum ekonomi kalau permintaan tetap tapi stok sedikit harga naik jadi kalau memang pemerintah mau menjalankan mbg mendorong hulu dulu sektor pertanian peternakan cukup memenuhi kebutuhan mbg tanpa menggangu supply masyarakat umum harga bahan baku tidak naik kalau pemerintah tutup mata membiarkan bahan baku tetap naik sebagian besar diserap pelaksanaan mbg tutup mata ketersediaan bahan baku makanan terjangkau pasar masyarakat umum hatihati urusan perut tidak menunggu kebijakan manusia tidak kenyang retorikaretorika politik menyangkal harga bahan baku spt sayuran telur ayam tidak naik selama hampir setahun terakhir berarti kemungkinan berada lingkaran mbg pemilikkaryawan sppg tidak pernah pasar tradisional teratur bahkan tidak pernah sama sekali,negative
video benarnya sejahtera malah orang punya duit jadi punya modal nambah cuan pedagang kecil kelimpungan kebingungan jangan begini sekolah kan kantinnya jadi tinggal dibuat besar sama pemerintah diberdayakan sekolah tersebut pekerjanya orang kecil orang bantuan langsung tunai jangan buat dapur mbg besar buat sekolah gt kalau gk menolong rakyat kecil tapi malah membinasakannya pelan,positive
ngg usah lanjutkan sarang koruptor,neutral
wajah gratisan ind republik mafia thanks mbg ibu ibu umkm menganggur selama setahun,neutral
lahan basah korupsi,negative
program mbg maju perutnya pejabat mbg,neutral
diuntungan iya jelas tarik keuntungan jelas punya modal awal mbg,neutral
kalau makan beracun gratis makan aja kecubunggadungjamur amonia abangku,neutral
astaghfirullah halazhim inalillahi wa innailaihi rojiun bertaubatlah kau nak,neutral
mbg menguntungkan segelintir orang ajamenghamburkan uang negara hapus program ganti kasih bahan mentah ajaseperti beras telor murid,neutral
untung proyek kalau buat penerima sejauh mudharatnya jelas kelihatan hehee,neutral
pedagang kecil menjerit diuntungkan pejabat terkait suka korup boneka penjilat institusi dulu tempat bernaung,neutral
bhy setmen mencerdaskan generasi tanpa pemebtukan karatwr cerdas fokus pd materi mk hrs imbangi pend bwrkepribadiaan bermoral,neutral
semua orang tau sistem hasil penting proyek cuan,neutral
relawan sebutannya relawan mah kaga dibayar orang dibayar namanya buruh mbak bukan relawan gimana,neutral
namanya budged blum sampe dapur mbg sisa sekian ribu mau tak mau cari pemasok besar kasi harga murah quantity banyak pedagang kecil dipasar dirugikan anak siswa makan mbg tidak tambah sehat pintar menu seadanya jelas program tidak tepat sasaran dipaksakan penuhi janji program contek an negara maju tidak diperhitungkan pelaksanaannya butuh dana sgt besar sistemnya bagus apa namanya stupiditykecuali negara minim korupsi mungkin program begini sangat bagus system bagus dibuatkan dana terbatas programnya timbul byk masalah tidak menaikkan kepintaran nilai gizi siswa,neutral
dpt limbahnya aja disaat bangun tidak tau apa fungsi amdal,neutral
diuntungkan pemodal besar katering kecil makin sulit menyesuaikan harga,neutral
orang baru sppg kurleb sprti apa jobdesk aslab,neutral
